
 ######## Run 0, cls_order :[11, 3, 17, 10, 13, 14, 0, 2, 16, 7, 1, 9, 8, 4, 12, 5, 6, 15] ########
Create exp stream : 6 tasks,  classes order [0, 2, 16, 7, 1, 9, 8, 4, 12, 5, 6, 15] 
Input shape (L, D): (125, 45)
Training set size: 3888; Val set size: 432; Test set size: 1440
buffer has 84 slots
ER mode: task, NCM classifier: False
AL strategy: UncertaintyWithDiversity
Batch size: 84
Task 0: contains 648 train samples
Task 0: contains 72 val samples
Task 0: contains 240 test samples
Task 1: contains 648 train samples
Task 1: contains 72 val samples
Task 1: contains 240 test samples
Task 2: contains 648 train samples
Task 2: contains 72 val samples
Task 2: contains 240 test samples
Task 3: contains 648 train samples
Task 3: contains 72 val samples
Task 3: contains 240 test samples
Task 4: contains 648 train samples
Task 4: contains 72 val samples
Task 4: contains 240 test samples
Task 5: contains 648 train samples
Task 5: contains 72 val samples
Task 5: contains 240 test samples
Number of samples in current task: 648
# Number of samples in the AL cycle: 12
Run: 0, Task: 0, AL cycle: 1 / 3
Acc_vector: [88.33  0.    0.    0.    0.    0.  ], Mean: 88.33 
task_columns: ['task_1', 'task_2', 'task_3', 'task_4', 'task_5', 'task_6']
Run: 0, Task: 0, AL cycle: 2 / 3
Acc_vector: [94.17  0.    0.    0.    0.    0.  ], Mean: 94.17 
Run: 0, Task: 0, AL cycle: 3 / 3
Acc_vector: [100.   0.   0.   0.   0.   0.], Mean: 100.0 
Number of samples in current task: 648
# Number of samples in the AL cycle: 12
Run: 0, Task: 1, AL cycle: 1 / 3
Acc_vector: [93.75 98.75  0.    0.    0.    0.  ], Mean: 96.25 
Run: 0, Task: 1, AL cycle: 2 / 3
Acc_vector: [93.75 98.75  0.    0.    0.    0.  ], Mean: 96.25 
Run: 0, Task: 1, AL cycle: 3 / 3
Acc_vector: [93.75 97.92  0.    0.    0.    0.  ], Mean: 95.83500000000001 
Number of samples in current task: 648
# Number of samples in the AL cycle: 12
Run: 0, Task: 2, AL cycle: 1 / 3
Acc_vector: [99.58 57.08 87.92  0.    0.    0.  ], Mean: 81.52666666666666 
Run: 0, Task: 2, AL cycle: 2 / 3
Acc_vector: [99.58 57.5  87.5   0.    0.    0.  ], Mean: 81.52666666666666 
Run: 0, Task: 2, AL cycle: 3 / 3
Acc_vector: [93.75 79.58 92.92  0.    0.    0.  ], Mean: 88.75 
Number of samples in current task: 648
# Number of samples in the AL cycle: 12
Run: 0, Task: 3, AL cycle: 1 / 3
Acc_vector: [93.75 95.42 84.58 90.83  0.    0.  ], Mean: 91.145 
Run: 0, Task: 3, AL cycle: 2 / 3
Acc_vector: [93.75 93.33 38.33 99.17  0.    0.  ], Mean: 81.145 
Run: 0, Task: 3, AL cycle: 3 / 3
Acc_vector: [93.75 91.67 82.92 99.58  0.    0.  ], Mean: 91.98 
Number of samples in current task: 648
# Number of samples in the AL cycle: 12
Run: 0, Task: 4, AL cycle: 1 / 3
Acc_vector: [93.75 75.   82.92 88.33 80.    0.  ], Mean: 84.0 
Run: 0, Task: 4, AL cycle: 2 / 3
Acc_vector: [93.75 85.42 77.92 76.25 98.75  0.  ], Mean: 86.418 
Run: 0, Task: 4, AL cycle: 3 / 3
Acc_vector: [ 70.83  92.08  74.58  80.   100.     0.  ], Mean: 83.498 
Number of samples in current task: 648
# Number of samples in the AL cycle: 12
Run: 0, Task: 5, AL cycle: 1 / 3
Acc_vector: [82.08 82.92 84.58 96.25 90.42 78.75], Mean: 85.83333333333333 
Run: 0, Task: 5, AL cycle: 2 / 3
Acc_vector: [ 82.08  67.5   78.75  95.83  93.33 100.  ], Mean: 86.24833333333333 
Run: 0, Task: 5, AL cycle: 3 / 3
Acc_vector: [ 82.08  67.92  78.75  95.83  93.75 100.  ], Mean: 86.38833333333332 

 Finish Run 0: total 53.27617383003235 sec

 ######## Run 1, cls_order :[1, 13, 12, 5, 4, 17, 15, 10, 0, 8, 9, 6, 14, 7, 3, 16, 2, 11] ########
Create exp stream : 6 tasks,  classes order [15, 10, 0, 8, 9, 6, 14, 7, 3, 16, 2, 11] 
Input shape (L, D): (125, 45)
Training set size: 3888; Val set size: 432; Test set size: 1440
buffer has 84 slots
ER mode: task, NCM classifier: False
AL strategy: UncertaintyWithDiversity
Batch size: 84
Task 0: contains 648 train samples
Task 0: contains 72 val samples
Task 0: contains 240 test samples
Task 1: contains 648 train samples
Task 1: contains 72 val samples
Task 1: contains 240 test samples
Task 2: contains 648 train samples
Task 2: contains 72 val samples
Task 2: contains 240 test samples
Task 3: contains 648 train samples
Task 3: contains 72 val samples
Task 3: contains 240 test samples
Task 4: contains 648 train samples
Task 4: contains 72 val samples
Task 4: contains 240 test samples
Task 5: contains 648 train samples
Task 5: contains 72 val samples
Task 5: contains 240 test samples
Number of samples in current task: 648
# Number of samples in the AL cycle: 12
Run: 1, Task: 0, AL cycle: 1 / 3
Acc_vector: [100.   0.   0.   0.   0.   0.], Mean: 100.0 
Run: 1, Task: 0, AL cycle: 2 / 3
Acc_vector: [100.   0.   0.   0.   0.   0.], Mean: 100.0 
Run: 1, Task: 0, AL cycle: 3 / 3
Acc_vector: [100.   0.   0.   0.   0.   0.], Mean: 100.0 
Number of samples in current task: 648
# Number of samples in the AL cycle: 12
Run: 1, Task: 1, AL cycle: 1 / 3
Acc_vector: [66.25 82.5   0.    0.    0.    0.  ], Mean: 74.375 
Run: 1, Task: 1, AL cycle: 2 / 3
Acc_vector: [ 73.33 100.     0.     0.     0.     0.  ], Mean: 86.66499999999999 
Run: 1, Task: 1, AL cycle: 3 / 3
Acc_vector: [ 73.75 100.     0.     0.     0.     0.  ], Mean: 86.875 
Number of samples in current task: 648
# Number of samples in the AL cycle: 12
Run: 1, Task: 2, AL cycle: 1 / 3
Acc_vector: [63.75 82.08 92.5   0.    0.    0.  ], Mean: 79.44333333333333 
Run: 1, Task: 2, AL cycle: 2 / 3
Acc_vector: [83.75 83.33 99.17  0.    0.    0.  ], Mean: 88.75 
Run: 1, Task: 2, AL cycle: 3 / 3
Acc_vector: [81.67 82.92 99.17  0.    0.    0.  ], Mean: 87.92 
Number of samples in current task: 648
# Number of samples in the AL cycle: 12
Run: 1, Task: 3, AL cycle: 1 / 3
Acc_vector: [69.17 84.17 75.   85.    0.    0.  ], Mean: 78.33500000000001 
Run: 1, Task: 3, AL cycle: 2 / 3
Acc_vector: [83.33 85.83 85.42 88.75  0.    0.  ], Mean: 85.8325 
Run: 1, Task: 3, AL cycle: 3 / 3
Acc_vector: [71.67 81.25 82.5  85.83  0.    0.  ], Mean: 80.3125 
Number of samples in current task: 648
# Number of samples in the AL cycle: 12
Run: 1, Task: 4, AL cycle: 1 / 3
Acc_vector: [71.25 85.   86.67 90.   87.92  0.  ], Mean: 84.168 
Run: 1, Task: 4, AL cycle: 2 / 3
Acc_vector: [80.83 88.75 86.67 84.17 98.75  0.  ], Mean: 87.834 
Run: 1, Task: 4, AL cycle: 3 / 3
Acc_vector: [78.75 89.17 86.67 84.17 99.58  0.  ], Mean: 87.668 
Number of samples in current task: 648
# Number of samples in the AL cycle: 12
Run: 1, Task: 5, AL cycle: 1 / 3
Acc_vector: [73.33 82.08 75.83 80.   92.92 96.67], Mean: 83.47166666666668 
Run: 1, Task: 5, AL cycle: 2 / 3
Acc_vector: [ 66.67  77.08  87.5   85.    97.92 100.  ], Mean: 85.69500000000001 
Run: 1, Task: 5, AL cycle: 3 / 3
Acc_vector: [ 69.17  77.92  87.5   86.25  97.92 100.  ], Mean: 86.46 

 Finish Run 1: total 59.32086682319641 sec

 ######## Run 2, cls_order :[5, 0, 2, 10, 13, 6, 17, 14, 16, 4, 7, 15, 8, 9, 12, 1, 11, 3] ########
Create exp stream : 6 tasks,  classes order [17, 14, 16, 4, 7, 15, 8, 9, 12, 1, 11, 3] 
Input shape (L, D): (125, 45)
Training set size: 3888; Val set size: 432; Test set size: 1440
buffer has 84 slots
ER mode: task, NCM classifier: False
AL strategy: UncertaintyWithDiversity
Batch size: 84
Task 0: contains 648 train samples
Task 0: contains 72 val samples
Task 0: contains 240 test samples
Task 1: contains 648 train samples
Task 1: contains 72 val samples
Task 1: contains 240 test samples
Task 2: contains 648 train samples
Task 2: contains 72 val samples
Task 2: contains 240 test samples
Task 3: contains 648 train samples
Task 3: contains 72 val samples
Task 3: contains 240 test samples
Task 4: contains 648 train samples
Task 4: contains 72 val samples
Task 4: contains 240 test samples
Task 5: contains 648 train samples
Task 5: contains 72 val samples
Task 5: contains 240 test samples
Number of samples in current task: 648
# Number of samples in the AL cycle: 12
Run: 2, Task: 0, AL cycle: 1 / 3
Acc_vector: [100.   0.   0.   0.   0.   0.], Mean: 100.0 
Run: 2, Task: 0, AL cycle: 2 / 3
Acc_vector: [100.   0.   0.   0.   0.   0.], Mean: 100.0 
Run: 2, Task: 0, AL cycle: 3 / 3
Acc_vector: [100.   0.   0.   0.   0.   0.], Mean: 100.0 
Number of samples in current task: 648
# Number of samples in the AL cycle: 12
Run: 2, Task: 1, AL cycle: 1 / 3
Acc_vector: [97.08 99.58  0.    0.    0.    0.  ], Mean: 98.33 
Run: 2, Task: 1, AL cycle: 2 / 3
Acc_vector: [ 93.33 100.     0.     0.     0.     0.  ], Mean: 96.66499999999999 
Run: 2, Task: 1, AL cycle: 3 / 3
Acc_vector: [ 92.5 100.    0.    0.    0.    0. ], Mean: 96.25 
Number of samples in current task: 648
# Number of samples in the AL cycle: 12
Run: 2, Task: 2, AL cycle: 1 / 3
Acc_vector: [73.75 97.08 86.67  0.    0.    0.  ], Mean: 85.83333333333333 
Run: 2, Task: 2, AL cycle: 2 / 3
Acc_vector: [72.92 69.17 98.33  0.    0.    0.  ], Mean: 80.14 
Run: 2, Task: 2, AL cycle: 3 / 3
Acc_vector: [73.33 96.67 97.08  0.    0.    0.  ], Mean: 89.02666666666666 
Number of samples in current task: 648
# Number of samples in the AL cycle: 12
Run: 2, Task: 3, AL cycle: 1 / 3
Acc_vector: [61.67 91.67 62.92 82.08  0.    0.  ], Mean: 74.585 
Run: 2, Task: 3, AL cycle: 2 / 3
Acc_vector: [52.92 96.25 68.33 90.42  0.    0.  ], Mean: 76.98 
Run: 2, Task: 3, AL cycle: 3 / 3
Acc_vector: [56.67 87.08 80.   98.75  0.    0.  ], Mean: 80.625 
Number of samples in current task: 648
# Number of samples in the AL cycle: 12
Run: 2, Task: 4, AL cycle: 1 / 3
Acc_vector: [79.58 95.42 78.75 90.83 82.08  0.  ], Mean: 85.332 
Run: 2, Task: 4, AL cycle: 2 / 3
Acc_vector: [ 77.08  93.75  68.33  87.08 100.     0.  ], Mean: 85.24799999999999 
Run: 2, Task: 4, AL cycle: 3 / 3
Acc_vector: [ 76.25  93.75  68.33  87.08 100.     0.  ], Mean: 85.082 
Number of samples in current task: 648
# Number of samples in the AL cycle: 12
Run: 2, Task: 5, AL cycle: 1 / 3
Acc_vector: [ 72.08  92.5   63.75  64.58  96.67 100.  ], Mean: 81.59666666666666 
Run: 2, Task: 5, AL cycle: 2 / 3
Acc_vector: [ 72.08  92.92  64.58  65.42  96.67 100.  ], Mean: 81.94500000000001 
Run: 2, Task: 5, AL cycle: 3 / 3
Acc_vector: [ 72.92  93.33  65.    66.25  97.08 100.  ], Mean: 82.42999999999999 

 Finish Run 2: total 50.046992778778076 sec

 ######## Run 3, cls_order :[14, 3, 6, 10, 13, 5, 8, 12, 17, 1, 0, 15, 16, 2, 4, 9, 7, 11] ########
Create exp stream : 6 tasks,  classes order [8, 12, 17, 1, 0, 15, 16, 2, 4, 9, 7, 11] 
Input shape (L, D): (125, 45)
Training set size: 3888; Val set size: 432; Test set size: 1440
buffer has 84 slots
ER mode: task, NCM classifier: False
AL strategy: UncertaintyWithDiversity
Batch size: 84
Task 0: contains 648 train samples
Task 0: contains 72 val samples
Task 0: contains 240 test samples
Task 1: contains 648 train samples
Task 1: contains 72 val samples
Task 1: contains 240 test samples
Task 2: contains 648 train samples
Task 2: contains 72 val samples
Task 2: contains 240 test samples
Task 3: contains 648 train samples
Task 3: contains 72 val samples
Task 3: contains 240 test samples
Task 4: contains 648 train samples
Task 4: contains 72 val samples
Task 4: contains 240 test samples
Task 5: contains 648 train samples
Task 5: contains 72 val samples
Task 5: contains 240 test samples
Number of samples in current task: 648
# Number of samples in the AL cycle: 12
Run: 3, Task: 0, AL cycle: 1 / 3
Acc_vector: [52.92  0.    0.    0.    0.    0.  ], Mean: 52.92 
Run: 3, Task: 0, AL cycle: 2 / 3
Acc_vector: [99.17  0.    0.    0.    0.    0.  ], Mean: 99.17 
Run: 3, Task: 0, AL cycle: 3 / 3
Acc_vector: [100.   0.   0.   0.   0.   0.], Mean: 100.0 
Number of samples in current task: 648
# Number of samples in the AL cycle: 12
Run: 3, Task: 1, AL cycle: 1 / 3
Acc_vector: [85.83 92.08  0.    0.    0.    0.  ], Mean: 88.955 
Run: 3, Task: 1, AL cycle: 2 / 3
Acc_vector: [87.92 90.83  0.    0.    0.    0.  ], Mean: 89.375 
Run: 3, Task: 1, AL cycle: 3 / 3
Acc_vector: [89.17 90.42  0.    0.    0.    0.  ], Mean: 89.795 
Number of samples in current task: 648
# Number of samples in the AL cycle: 12
Run: 3, Task: 2, AL cycle: 1 / 3
Acc_vector: [ 87.08  93.33 100.     0.     0.     0.  ], Mean: 93.46999999999998 
Run: 3, Task: 2, AL cycle: 2 / 3
Acc_vector: [ 85.    81.67 100.     0.     0.     0.  ], Mean: 88.89 
Run: 3, Task: 2, AL cycle: 3 / 3
Acc_vector: [ 84.58  82.08 100.     0.     0.     0.  ], Mean: 88.88666666666666 
Number of samples in current task: 648
# Number of samples in the AL cycle: 12
Run: 3, Task: 3, AL cycle: 1 / 3
Acc_vector: [ 85.83  91.25 100.   100.     0.     0.  ], Mean: 94.27 
Run: 3, Task: 3, AL cycle: 2 / 3
Acc_vector: [ 85.83  87.5  100.   100.     0.     0.  ], Mean: 93.3325 
Run: 3, Task: 3, AL cycle: 3 / 3
Acc_vector: [ 85.83  87.5  100.   100.     0.     0.  ], Mean: 93.3325 
Number of samples in current task: 648
# Number of samples in the AL cycle: 12
Run: 3, Task: 4, AL cycle: 1 / 3
Acc_vector: [ 75.    66.67  92.92 100.    82.08   0.  ], Mean: 83.334 
Run: 3, Task: 4, AL cycle: 2 / 3
Acc_vector: [ 81.67  76.25  83.75 100.    95.42   0.  ], Mean: 87.418 
Run: 3, Task: 4, AL cycle: 3 / 3
Acc_vector: [ 86.25  82.92  92.92 100.   100.     0.  ], Mean: 92.418 
Number of samples in current task: 648
# Number of samples in the AL cycle: 12
Run: 3, Task: 5, AL cycle: 1 / 3
Acc_vector: [ 82.92  61.67 100.   100.    99.58  93.33], Mean: 89.58333333333333 
Run: 3, Task: 5, AL cycle: 2 / 3
Acc_vector: [ 58.33  52.08 100.    99.58  59.17  99.58], Mean: 78.12333333333333 
Run: 3, Task: 5, AL cycle: 3 / 3
Acc_vector: [ 55.    54.17  92.92  98.75  68.75 100.  ], Mean: 78.265 

 Finish Run 3: total 60.54413294792175 sec

 ######## Run 4, cls_order :[10, 6, 12, 9, 15, 0, 17, 5, 1, 7, 11, 8, 16, 3, 2, 13, 14, 4] ########
Create exp stream : 6 tasks,  classes order [17, 5, 1, 7, 11, 8, 16, 3, 2, 13, 14, 4] 
Input shape (L, D): (125, 45)
Training set size: 3888; Val set size: 432; Test set size: 1440
buffer has 84 slots
ER mode: task, NCM classifier: False
AL strategy: UncertaintyWithDiversity
Batch size: 84
Task 0: contains 648 train samples
Task 0: contains 72 val samples
Task 0: contains 240 test samples
Task 1: contains 648 train samples
Task 1: contains 72 val samples
Task 1: contains 240 test samples
Task 2: contains 648 train samples
Task 2: contains 72 val samples
Task 2: contains 240 test samples
Task 3: contains 648 train samples
Task 3: contains 72 val samples
Task 3: contains 240 test samples
Task 4: contains 648 train samples
Task 4: contains 72 val samples
Task 4: contains 240 test samples
Task 5: contains 648 train samples
Task 5: contains 72 val samples
Task 5: contains 240 test samples
Number of samples in current task: 648
# Number of samples in the AL cycle: 12
Run: 4, Task: 0, AL cycle: 1 / 3
Acc_vector: [57.5  0.   0.   0.   0.   0. ], Mean: 57.5 
Run: 4, Task: 0, AL cycle: 2 / 3
Acc_vector: [52.92  0.    0.    0.    0.    0.  ], Mean: 52.92 
Run: 4, Task: 0, AL cycle: 3 / 3
Acc_vector: [50.42  0.    0.    0.    0.    0.  ], Mean: 50.42 
Number of samples in current task: 648
# Number of samples in the AL cycle: 12
Run: 4, Task: 1, AL cycle: 1 / 3
Acc_vector: [ 6.25 72.92  0.    0.    0.    0.  ], Mean: 39.585 
Run: 4, Task: 1, AL cycle: 2 / 3
Acc_vector: [65.   92.92  0.    0.    0.    0.  ], Mean: 78.96000000000001 
Run: 4, Task: 1, AL cycle: 3 / 3
Acc_vector: [68.33 92.5   0.    0.    0.    0.  ], Mean: 80.41499999999999 
Number of samples in current task: 648
# Number of samples in the AL cycle: 12
Run: 4, Task: 2, AL cycle: 1 / 3
Acc_vector: [65.42 83.33 89.17  0.    0.    0.  ], Mean: 79.30666666666667 
Run: 4, Task: 2, AL cycle: 2 / 3
Acc_vector: [ 56.25  75.42 100.     0.     0.     0.  ], Mean: 77.22333333333334 
Run: 4, Task: 2, AL cycle: 3 / 3
Acc_vector: [ 57.92  75.83 100.     0.     0.     0.  ], Mean: 77.91666666666667 
Number of samples in current task: 648
# Number of samples in the AL cycle: 12
Run: 4, Task: 3, AL cycle: 1 / 3
Acc_vector: [77.5  81.25 84.58 95.42  0.    0.  ], Mean: 84.6875 
Run: 4, Task: 3, AL cycle: 2 / 3
Acc_vector: [86.67 74.58 74.17 97.08  0.    0.  ], Mean: 83.125 
Run: 4, Task: 3, AL cycle: 3 / 3
Acc_vector: [86.67 75.   74.17 97.08  0.    0.  ], Mean: 83.23 
Number of samples in current task: 648
# Number of samples in the AL cycle: 12
Run: 4, Task: 4, AL cycle: 1 / 3
Acc_vector: [ 80.42  75.42  62.08  99.58 100.     0.  ], Mean: 83.5 
Run: 4, Task: 4, AL cycle: 2 / 3
Acc_vector: [ 86.25  76.67  82.08  94.58 100.     0.  ], Mean: 87.916 
Run: 4, Task: 4, AL cycle: 3 / 3

 ######## Run 0, cls_order :[11, 3, 17, 10, 13, 14, 0, 2, 16, 7, 1, 9, 8, 4, 12, 5, 6, 15] ########
Create exp stream : 6 tasks,  classes order [0, 2, 16, 7, 1, 9, 8, 4, 12, 5, 6, 15] 
Input shape (L, D): (125, 45)
Training set size: 3888; Val set size: 432; Test set size: 1440
buffer has 84 slots
ER mode: task, NCM classifier: False
AL strategy: UncertaintyWithDiversity
Batch size: 84
Task 0: contains 648 train samples
Task 0: contains 72 val samples
Task 0: contains 240 test samples
Task 1: contains 648 train samples
Task 1: contains 72 val samples
Task 1: contains 240 test samples
Task 2: contains 648 train samples
Task 2: contains 72 val samples
Task 2: contains 240 test samples
Task 3: contains 648 train samples
Task 3: contains 72 val samples
Task 3: contains 240 test samples
Task 4: contains 648 train samples
Task 4: contains 72 val samples
Task 4: contains 240 test samples
Task 5: contains 648 train samples
Task 5: contains 72 val samples
Task 5: contains 240 test samples
Number of samples in current task: 648
# Number of samples in the AL cycle: 12
Run: 0, Task: 0, AL cycle: 1 / 3
Acc_vector: [88.33  0.    0.    0.    0.    0.  ], Mean: 88.33 
task_columns: ['task_1', 'task_2', 'task_3', 'task_4', 'task_5', 'task_6']
Run: 0, Task: 0, AL cycle: 2 / 3
Acc_vector: [94.17  0.    0.    0.    0.    0.  ], Mean: 94.17 
Run: 0, Task: 0, AL cycle: 3 / 3
Acc_vector: [100.   0.   0.   0.   0.   0.], Mean: 100.0 
Number of samples in current task: 648
# Number of samples in the AL cycle: 12
Run: 0, Task: 1, AL cycle: 1 / 3
Acc_vector: [94.17 98.33  0.    0.    0.    0.  ], Mean: 96.25 
Run: 0, Task: 1, AL cycle: 2 / 3
Acc_vector: [90.42 97.5   0.    0.    0.    0.  ], Mean: 93.96000000000001 
Run: 0, Task: 1, AL cycle: 3 / 3
Acc_vector: [90.42 97.08  0.    0.    0.    0.  ], Mean: 93.75 
Number of samples in current task: 648
# Number of samples in the AL cycle: 12
Run: 0, Task: 2, AL cycle: 1 / 3
Acc_vector: [94.58 87.92 78.33  0.    0.    0.  ], Mean: 86.94333333333333 
Run: 0, Task: 2, AL cycle: 2 / 3
Acc_vector: [ 87.92  90.42 100.     0.     0.     0.  ], Mean: 92.78000000000002 
Run: 0, Task: 2, AL cycle: 3 / 3
Acc_vector: [ 87.92  90.83 100.     0.     0.     0.  ], Mean: 92.91666666666667 
Number of samples in current task: 648
# Number of samples in the AL cycle: 12
Run: 0, Task: 3, AL cycle: 1 / 3
Acc_vector: [78.75 94.58 87.5  52.5   0.    0.  ], Mean: 78.3325 
Run: 0, Task: 3, AL cycle: 2 / 3
Acc_vector: [84.58 91.67 80.   91.67  0.    0.  ], Mean: 86.98 
Run: 0, Task: 3, AL cycle: 3 / 3
Acc_vector: [ 92.92  89.17  77.08 100.     0.     0.  ], Mean: 89.7925 
Number of samples in current task: 648
# Number of samples in the AL cycle: 12
Run: 0, Task: 4, AL cycle: 1 / 3
Acc_vector: [90.   91.67 66.67 83.33 93.33  0.  ], Mean: 85.0 
Run: 0, Task: 4, AL cycle: 2 / 3
Acc_vector: [90.42 68.33 21.67 46.25 99.58  0.  ], Mean: 65.25 
Run: 0, Task: 4, AL cycle: 3 / 3
Acc_vector: [90.42 70.83 22.08 51.67 99.58  0.  ], Mean: 66.916 
Number of samples in current task: 648
# Number of samples in the AL cycle: 12
Run: 0, Task: 5, AL cycle: 1 / 3
Acc_vector: [92.5  76.25 64.58 70.   64.17 68.33], Mean: 72.63833333333334 
Run: 0, Task: 5, AL cycle: 2 / 3
Acc_vector: [84.58 70.83 74.58 54.17 80.   92.5 ], Mean: 76.11 
Run: 0, Task: 5, AL cycle: 3 / 3
Acc_vector: [85.83 63.33 73.33 77.5  94.17 99.17], Mean: 82.22166666666668 

 Finish Run 0: total 56.70351219177246 sec

 ######## Run 1, cls_order :[1, 13, 12, 5, 4, 17, 15, 10, 0, 8, 9, 6, 14, 7, 3, 16, 2, 11] ########
Create exp stream : 6 tasks,  classes order [15, 10, 0, 8, 9, 6, 14, 7, 3, 16, 2, 11] 
Input shape (L, D): (125, 45)
Training set size: 3888; Val set size: 432; Test set size: 1440
buffer has 84 slots
ER mode: task, NCM classifier: False
AL strategy: UncertaintyWithDiversity
Batch size: 84
Task 0: contains 648 train samples
Task 0: contains 72 val samples
Task 0: contains 240 test samples
Task 1: contains 648 train samples
Task 1: contains 72 val samples
Task 1: contains 240 test samples
Task 2: contains 648 train samples
Task 2: contains 72 val samples
Task 2: contains 240 test samples
Task 3: contains 648 train samples
Task 3: contains 72 val samples
Task 3: contains 240 test samples
Task 4: contains 648 train samples
Task 4: contains 72 val samples
Task 4: contains 240 test samples
Task 5: contains 648 train samples
Task 5: contains 72 val samples
Task 5: contains 240 test samples
Number of samples in current task: 648
# Number of samples in the AL cycle: 12
Run: 1, Task: 0, AL cycle: 1 / 3
Acc_vector: [100.   0.   0.   0.   0.   0.], Mean: 100.0 
Run: 1, Task: 0, AL cycle: 2 / 3
Acc_vector: [100.   0.   0.   0.   0.   0.], Mean: 100.0 
Run: 1, Task: 0, AL cycle: 3 / 3
Acc_vector: [100.   0.   0.   0.   0.   0.], Mean: 100.0 
Number of samples in current task: 648
# Number of samples in the AL cycle: 12
Run: 1, Task: 1, AL cycle: 1 / 3
Acc_vector: [80.  92.5  0.   0.   0.   0. ], Mean: 86.25 
Run: 1, Task: 1, AL cycle: 2 / 3
Acc_vector: [ 80. 100.   0.   0.   0.   0.], Mean: 90.0 
Run: 1, Task: 1, AL cycle: 3 / 3
Acc_vector: [ 79.58 100.     0.     0.     0.     0.  ], Mean: 89.78999999999999 
Number of samples in current task: 648
# Number of samples in the AL cycle: 12
Run: 1, Task: 2, AL cycle: 1 / 3
Acc_vector: [72.92 86.25 98.33  0.    0.    0.  ], Mean: 85.83333333333333 
Run: 1, Task: 2, AL cycle: 2 / 3
Acc_vector: [ 74.17  75.   100.     0.     0.     0.  ], Mean: 83.05666666666667 
Run: 1, Task: 2, AL cycle: 3 / 3
Acc_vector: [ 75.    73.33 100.     0.     0.     0.  ], Mean: 82.77666666666666 
Number of samples in current task: 648
# Number of samples in the AL cycle: 12
Run: 1, Task: 3, AL cycle: 1 / 3
Acc_vector: [77.5  72.5  77.5  79.17  0.    0.  ], Mean: 76.6675 
Run: 1, Task: 3, AL cycle: 2 / 3
Acc_vector: [71.67 75.83 80.83 97.5   0.    0.  ], Mean: 81.4575 
Run: 1, Task: 3, AL cycle: 3 / 3
Acc_vector: [72.08 75.83 80.83 97.5   0.    0.  ], Mean: 81.56 
Number of samples in current task: 648
# Number of samples in the AL cycle: 12
Run: 1, Task: 4, AL cycle: 1 / 3
Acc_vector: [ 72.5   77.92  87.5   90.   100.     0.  ], Mean: 85.584 
Run: 1, Task: 4, AL cycle: 2 / 3
Acc_vector: [ 73.33  78.75  87.5   90.   100.     0.  ], Mean: 85.916 
Run: 1, Task: 4, AL cycle: 3 / 3
Acc_vector: [ 73.33  80.    87.5   90.   100.     0.  ], Mean: 86.166 
Number of samples in current task: 648
# Number of samples in the AL cycle: 12
Run: 1, Task: 5, AL cycle: 1 / 3
Acc_vector: [ 77.5   82.92  88.33  88.33 100.    98.75], Mean: 89.30499999999999 
Run: 1, Task: 5, AL cycle: 2 / 3
Acc_vector: [77.5  82.92 88.33 88.75 99.58 98.33], Mean: 89.235 
Run: 1, Task: 5, AL cycle: 3 / 3
Acc_vector: [77.08 83.75 88.33 88.75 99.58 98.33], Mean: 89.30333333333333 

 Finish Run 1: total 63.506595849990845 sec

 ######## Run 2, cls_order :[5, 0, 2, 10, 13, 6, 17, 14, 16, 4, 7, 15, 8, 9, 12, 1, 11, 3] ########
Create exp stream : 6 tasks,  classes order [17, 14, 16, 4, 7, 15, 8, 9, 12, 1, 11, 3] 
Input shape (L, D): (125, 45)
Training set size: 3888; Val set size: 432; Test set size: 1440
buffer has 84 slots
ER mode: task, NCM classifier: False
AL strategy: UncertaintyWithDiversity
Batch size: 84
Task 0: contains 648 train samples
Task 0: contains 72 val samples
Task 0: contains 240 test samples
Task 1: contains 648 train samples
Task 1: contains 72 val samples
Task 1: contains 240 test samples
Task 2: contains 648 train samples
Task 2: contains 72 val samples
Task 2: contains 240 test samples
Task 3: contains 648 train samples
Task 3: contains 72 val samples
Task 3: contains 240 test samples
Task 4: contains 648 train samples
Task 4: contains 72 val samples
Task 4: contains 240 test samples
Task 5: contains 648 train samples
Task 5: contains 72 val samples
Task 5: contains 240 test samples
Number of samples in current task: 648
# Number of samples in the AL cycle: 12
Run: 2, Task: 0, AL cycle: 1 / 3
Acc_vector: [100.   0.   0.   0.   0.   0.], Mean: 100.0 
Run: 2, Task: 0, AL cycle: 2 / 3
Acc_vector: [100.   0.   0.   0.   0.   0.], Mean: 100.0 
Run: 2, Task: 0, AL cycle: 3 / 3
Acc_vector: [100.   0.   0.   0.   0.   0.], Mean: 100.0 
Number of samples in current task: 648
# Number of samples in the AL cycle: 12
Run: 2, Task: 1, AL cycle: 1 / 3
Acc_vector: [97.08 99.58  0.    0.    0.    0.  ], Mean: 98.33 
Run: 2, Task: 1, AL cycle: 2 / 3
Acc_vector: [ 93.33 100.     0.     0.     0.     0.  ], Mean: 96.66499999999999 
Run: 2, Task: 1, AL cycle: 3 / 3
Acc_vector: [ 92.5 100.    0.    0.    0.    0. ], Mean: 96.25 
Number of samples in current task: 648
# Number of samples in the AL cycle: 12
Run: 2, Task: 2, AL cycle: 1 / 3
Acc_vector: [90.   93.75 80.42  0.    0.    0.  ], Mean: 88.05666666666667 
Run: 2, Task: 2, AL cycle: 2 / 3
Acc_vector: [62.92 86.25 97.08  0.    0.    0.  ], Mean: 82.08333333333333 
Run: 2, Task: 2, AL cycle: 3 / 3
Acc_vector: [62.5  72.92 99.17  0.    0.    0.  ], Mean: 78.19666666666667 
Number of samples in current task: 648
# Number of samples in the AL cycle: 12
Run: 2, Task: 3, AL cycle: 1 / 3
Acc_vector: [58.75 96.67 90.42 50.    0.    0.  ], Mean: 73.96000000000001 
Run: 2, Task: 3, AL cycle: 2 / 3
Acc_vector: [72.08 91.25 90.83 98.33  0.    0.  ], Mean: 88.12249999999999 
Run: 2, Task: 3, AL cycle: 3 / 3
Acc_vector: [49.17 90.   85.   99.58  0.    0.  ], Mean: 80.9375 
Number of samples in current task: 648
# Number of samples in the AL cycle: 12
Run: 2, Task: 4, AL cycle: 1 / 3
Acc_vector: [83.33 97.08 73.75 86.67 97.5   0.  ], Mean: 87.666 
Run: 2, Task: 4, AL cycle: 2 / 3
Acc_vector: [ 77.92  57.08  65.83  87.92 100.     0.  ], Mean: 77.75 
Run: 2, Task: 4, AL cycle: 3 / 3
Acc_vector: [ 77.92  58.75  65.83  87.92 100.     0.  ], Mean: 78.084 
Number of samples in current task: 648
# Number of samples in the AL cycle: 12
Run: 2, Task: 5, AL cycle: 1 / 3
Acc_vector: [ 76.67  96.67  75.42  87.92  99.17 100.  ], Mean: 89.30833333333334 
Run: 2, Task: 5, AL cycle: 2 / 3
Acc_vector: [ 75.83  95.    76.25  87.92  99.58 100.  ], Mean: 89.09666666666665 
Run: 2, Task: 5, AL cycle: 3 / 3
Acc_vector: [ 75.42  95.42  76.25  87.92  99.58 100.  ], Mean: 89.09833333333331 

 Finish Run 2: total 58.357470989227295 sec

 ######## Run 3, cls_order :[14, 3, 6, 10, 13, 5, 8, 12, 17, 1, 0, 15, 16, 2, 4, 9, 7, 11] ########
Create exp stream : 6 tasks,  classes order [8, 12, 17, 1, 0, 15, 16, 2, 4, 9, 7, 11] 
Input shape (L, D): (125, 45)
Training set size: 3888; Val set size: 432; Test set size: 1440
buffer has 84 slots
ER mode: task, NCM classifier: False
AL strategy: UncertaintyWithDiversity
Batch size: 84
Task 0: contains 648 train samples
Task 0: contains 72 val samples
Task 0: contains 240 test samples
Task 1: contains 648 train samples
Task 1: contains 72 val samples
Task 1: contains 240 test samples
Task 2: contains 648 train samples
Task 2: contains 72 val samples
Task 2: contains 240 test samples
Task 3: contains 648 train samples
Task 3: contains 72 val samples
Task 3: contains 240 test samples
Task 4: contains 648 train samples
Task 4: contains 72 val samples
Task 4: contains 240 test samples
Task 5: contains 648 train samples
Task 5: contains 72 val samples
Task 5: contains 240 test samples
Number of samples in current task: 648
# Number of samples in the AL cycle: 12
Run: 3, Task: 0, AL cycle: 1 / 3
Acc_vector: [52.92  0.    0.    0.    0.    0.  ], Mean: 52.92 
Run: 3, Task: 0, AL cycle: 2 / 3
Acc_vector: [99.17  0.    0.    0.    0.    0.  ], Mean: 99.17 
Run: 3, Task: 0, AL cycle: 3 / 3
Acc_vector: [100.   0.   0.   0.   0.   0.], Mean: 100.0 
Number of samples in current task: 648
# Number of samples in the AL cycle: 12
Run: 3, Task: 1, AL cycle: 1 / 3
Acc_vector: [85.42 92.5   0.    0.    0.    0.  ], Mean: 88.96000000000001 
Run: 3, Task: 1, AL cycle: 2 / 3
Acc_vector: [87.92 90.83  0.    0.    0.    0.  ], Mean: 89.375 
Run: 3, Task: 1, AL cycle: 3 / 3
Acc_vector: [88.75 90.42  0.    0.    0.    0.  ], Mean: 89.58500000000001 
Number of samples in current task: 648
# Number of samples in the AL cycle: 12
Run: 3, Task: 2, AL cycle: 1 / 3
Acc_vector: [ 87.08  92.92 100.     0.     0.     0.  ], Mean: 93.33333333333333 
Run: 3, Task: 2, AL cycle: 2 / 3
Acc_vector: [ 85.    82.92 100.     0.     0.     0.  ], Mean: 89.30666666666667 
Run: 3, Task: 2, AL cycle: 3 / 3
Acc_vector: [ 85.    82.92 100.     0.     0.     0.  ], Mean: 89.30666666666667 
Number of samples in current task: 648
# Number of samples in the AL cycle: 12
Run: 3, Task: 3, AL cycle: 1 / 3
Acc_vector: [88.75 82.92 92.92 96.25  0.    0.  ], Mean: 90.21000000000001 
Run: 3, Task: 3, AL cycle: 2 / 3
Acc_vector: [ 86.67  90.   100.   100.     0.     0.  ], Mean: 94.1675 
Run: 3, Task: 3, AL cycle: 3 / 3
Acc_vector: [ 86.67  90.   100.   100.     0.     0.  ], Mean: 94.1675 
Number of samples in current task: 648
# Number of samples in the AL cycle: 12
Run: 3, Task: 4, AL cycle: 1 / 3
Acc_vector: [ 84.17  90.   100.   100.    85.     0.  ], Mean: 91.834 
Run: 3, Task: 4, AL cycle: 2 / 3
Acc_vector: [ 87.08  93.75 100.   100.   100.     0.  ], Mean: 96.166 
Run: 3, Task: 4, AL cycle: 3 / 3
Acc_vector: [ 75.    82.92  99.58 100.   100.     0.  ], Mean: 91.5 
Number of samples in current task: 648
# Number of samples in the AL cycle: 12
Run: 3, Task: 5, AL cycle: 1 / 3
Acc_vector: [ 80.    75.   100.    96.67  95.83  72.08], Mean: 86.59666666666668 
Run: 3, Task: 5, AL cycle: 2 / 3
Acc_vector: [ 72.92  87.5  100.    89.17  90.83  89.58], Mean: 88.33333333333333 
Run: 3, Task: 5, AL cycle: 3 / 3
Acc_vector: [ 78.33  76.25 100.    89.17 100.    96.25], Mean: 90.0 

 Finish Run 3: total 63.1771981716156 sec

 ######## Run 4, cls_order :[10, 6, 12, 9, 15, 0, 17, 5, 1, 7, 11, 8, 16, 3, 2, 13, 14, 4] ########
Create exp stream : 6 tasks,  classes order [17, 5, 1, 7, 11, 8, 16, 3, 2, 13, 14, 4] 
Input shape (L, D): (125, 45)
Training set size: 3888; Val set size: 432; Test set size: 1440
buffer has 84 slots
ER mode: task, NCM classifier: False
AL strategy: UncertaintyWithDiversity
Batch size: 84
Task 0: contains 648 train samples
Task 0: contains 72 val samples
Task 0: contains 240 test samples
Task 1: contains 648 train samples
Task 1: contains 72 val samples
Task 1: contains 240 test samples
Task 2: contains 648 train samples
Task 2: contains 72 val samples
Task 2: contains 240 test samples
Task 3: contains 648 train samples
Task 3: contains 72 val samples
Task 3: contains 240 test samples
Task 4: contains 648 train samples
Task 4: contains 72 val samples
Task 4: contains 240 test samples
Task 5: contains 648 train samples
Task 5: contains 72 val samples
Task 5: contains 240 test samples
Number of samples in current task: 648
# Number of samples in the AL cycle: 12
Run: 4, Task: 0, AL cycle: 1 / 3
Acc_vector: [57.5  0.   0.   0.   0.   0. ], Mean: 57.5 
Run: 4, Task: 0, AL cycle: 2 / 3
Acc_vector: [52.92  0.    0.    0.    0.    0.  ], Mean: 52.92 
Run: 4, Task: 0, AL cycle: 3 / 3
Acc_vector: [50.42  0.    0.    0.    0.    0.  ], Mean: 50.42 
Number of samples in current task: 648
# Number of samples in the AL cycle: 12
Run: 4, Task: 1, AL cycle: 1 / 3
Acc_vector: [ 6.25 72.92  0.    0.    0.    0.  ], Mean: 39.585 
Run: 4, Task: 1, AL cycle: 2 / 3
Acc_vector: [54.58 90.83  0.    0.    0.    0.  ], Mean: 72.705 
Run: 4, Task: 1, AL cycle: 3 / 3
Acc_vector: [60.42 93.33  0.    0.    0.    0.  ], Mean: 76.875 
Number of samples in current task: 648
# Number of samples in the AL cycle: 12
Run: 4, Task: 2, AL cycle: 1 / 3
Acc_vector: [77.5  73.33 99.58  0.    0.    0.  ], Mean: 83.46999999999998 
Run: 4, Task: 2, AL cycle: 2 / 3
Acc_vector: [ 79.17  63.33 100.     0.     0.     0.  ], Mean: 80.83333333333333 
Run: 4, Task: 2, AL cycle: 3 / 3
Acc_vector: [ 79.58  63.33 100.     0.     0.     0.  ], Mean: 80.97 
Number of samples in current task: 648
# Number of samples in the AL cycle: 12
Run: 4, Task: 3, AL cycle: 1 / 3
Acc_vector: [ 74.17  70.   100.    92.92   0.     0.  ], Mean: 84.27250000000001 
Run: 4, Task: 3, AL cycle: 2 / 3
Acc_vector: [ 52.92  70.   100.    99.58   0.     0.  ], Mean: 80.625 
Run: 4, Task: 3, AL cycle: 3 / 3
Acc_vector: [ 55.42  70.42 100.    99.58   0.     0.  ], Mean: 81.355 
Number of samples in current task: 648
# Number of samples in the AL cycle: 12
Run: 4, Task: 4, AL cycle: 1 / 3
Acc_vector: [ 63.33  65.   100.    77.5  100.     0.  ], Mean: 81.166 
Run: 4, Task: 4, AL cycle: 2 / 3

 ######## Run 0, cls_order :[11, 3, 17, 10, 13, 14, 0, 2, 16, 7, 1, 9, 8, 4, 12, 5, 6, 15] ########
Create exp stream : 6 tasks,  classes order [0, 2, 16, 7, 1, 9, 8, 4, 12, 5, 6, 15] 
Input shape (L, D): (125, 45)
Training set size: 3888; Val set size: 432; Test set size: 1440
buffer has 84 slots
ER mode: task, NCM classifier: False
AL strategy: UncertaintyWithDiversity
Batch size: 84
Task 0: contains 648 train samples
Task 0: contains 72 val samples
Task 0: contains 240 test samples
Task 1: contains 648 train samples
Task 1: contains 72 val samples
Task 1: contains 240 test samples
Task 2: contains 648 train samples
Task 2: contains 72 val samples
Task 2: contains 240 test samples
Task 3: contains 648 train samples
Task 3: contains 72 val samples
Task 3: contains 240 test samples
Task 4: contains 648 train samples
Task 4: contains 72 val samples
Task 4: contains 240 test samples
Task 5: contains 648 train samples
Task 5: contains 72 val samples
Task 5: contains 240 test samples
Number of samples in current task: 648
# Number of samples in the AL cycle: 12
Run: 0, Task: 0, AL cycle: 1 / 3
Acc_vector: [88.33  0.    0.    0.    0.    0.  ], Mean: 88.33 
task_columns: ['task_1', 'task_2', 'task_3', 'task_4', 'task_5', 'task_6']
Run: 0, Task: 0, AL cycle: 2 / 3
Acc_vector: [94.17  0.    0.    0.    0.    0.  ], Mean: 94.17 
Run: 0, Task: 0, AL cycle: 3 / 3
Acc_vector: [100.   0.   0.   0.   0.   0.], Mean: 100.0 
Number of samples in current task: 648
# Number of samples in the AL cycle: 12
Run: 0, Task: 1, AL cycle: 1 / 3
Acc_vector: [93.75 98.75  0.    0.    0.    0.  ], Mean: 96.25 
Run: 0, Task: 1, AL cycle: 2 / 3
Acc_vector: [93.75 98.75  0.    0.    0.    0.  ], Mean: 96.25 
Run: 0, Task: 1, AL cycle: 3 / 3
Acc_vector: [94.17 97.92  0.    0.    0.    0.  ], Mean: 96.045 
Number of samples in current task: 648
# Number of samples in the AL cycle: 12
Run: 0, Task: 2, AL cycle: 1 / 3
Acc_vector: [99.58 57.08 87.92  0.    0.    0.  ], Mean: 81.52666666666666 
Run: 0, Task: 2, AL cycle: 2 / 3
Acc_vector: [99.58 57.92 87.5   0.    0.    0.  ], Mean: 81.66666666666667 
Run: 0, Task: 2, AL cycle: 3 / 3
Acc_vector: [99.58 78.75 80.42  0.    0.    0.  ], Mean: 86.25 
Number of samples in current task: 648
# Number of samples in the AL cycle: 12
Run: 0, Task: 3, AL cycle: 1 / 3
Acc_vector: [93.33 79.17 75.83 82.08  0.    0.  ], Mean: 82.60249999999999 
Run: 0, Task: 3, AL cycle: 2 / 3
Acc_vector: [98.75 89.17 77.5  96.25  0.    0.  ], Mean: 90.4175 
Run: 0, Task: 3, AL cycle: 3 / 3
Acc_vector: [98.75 82.5  78.33 97.92  0.    0.  ], Mean: 89.375 
Number of samples in current task: 648
# Number of samples in the AL cycle: 12
Run: 0, Task: 4, AL cycle: 1 / 3
Acc_vector: [100.    83.33  85.83  87.5   87.5    0.  ], Mean: 88.832 
Run: 0, Task: 4, AL cycle: 2 / 3
Acc_vector: [99.58 86.67 85.   95.   99.17  0.  ], Mean: 93.084 
Run: 0, Task: 4, AL cycle: 3 / 3
Acc_vector: [ 99.58  86.25  82.5   85.   100.     0.  ], Mean: 90.666 
Number of samples in current task: 648
# Number of samples in the AL cycle: 12
Run: 0, Task: 5, AL cycle: 1 / 3
Acc_vector: [87.92 62.5  84.17 87.08 89.17 86.25], Mean: 82.84833333333334 
Run: 0, Task: 5, AL cycle: 2 / 3
Acc_vector: [100.    59.58  60.    85.42  89.58  98.75], Mean: 82.22166666666666 
Run: 0, Task: 5, AL cycle: 3 / 3
Acc_vector: [ 99.17  60.83  75.42  88.75  89.17 100.  ], Mean: 85.55666666666667 

 Finish Run 0: total 61.03366184234619 sec

 ######## Run 1, cls_order :[1, 13, 12, 5, 4, 17, 15, 10, 0, 8, 9, 6, 14, 7, 3, 16, 2, 11] ########
Create exp stream : 6 tasks,  classes order [15, 10, 0, 8, 9, 6, 14, 7, 3, 16, 2, 11] 
Input shape (L, D): (125, 45)
Training set size: 3888; Val set size: 432; Test set size: 1440
buffer has 84 slots
ER mode: task, NCM classifier: False
AL strategy: UncertaintyWithDiversity
Batch size: 84
Task 0: contains 648 train samples
Task 0: contains 72 val samples
Task 0: contains 240 test samples
Task 1: contains 648 train samples
Task 1: contains 72 val samples
Task 1: contains 240 test samples
Task 2: contains 648 train samples
Task 2: contains 72 val samples
Task 2: contains 240 test samples
Task 3: contains 648 train samples
Task 3: contains 72 val samples
Task 3: contains 240 test samples
Task 4: contains 648 train samples
Task 4: contains 72 val samples
Task 4: contains 240 test samples
Task 5: contains 648 train samples
Task 5: contains 72 val samples
Task 5: contains 240 test samples
Number of samples in current task: 648
# Number of samples in the AL cycle: 12
Run: 1, Task: 0, AL cycle: 1 / 3
Acc_vector: [100.   0.   0.   0.   0.   0.], Mean: 100.0 
Run: 1, Task: 0, AL cycle: 2 / 3
Acc_vector: [100.   0.   0.   0.   0.   0.], Mean: 100.0 
Run: 1, Task: 0, AL cycle: 3 / 3
Acc_vector: [100.   0.   0.   0.   0.   0.], Mean: 100.0 
Number of samples in current task: 648
# Number of samples in the AL cycle: 12
Run: 1, Task: 1, AL cycle: 1 / 3
Acc_vector: [66.25 82.5   0.    0.    0.    0.  ], Mean: 74.375 
Run: 1, Task: 1, AL cycle: 2 / 3
Acc_vector: [ 71.67 100.     0.     0.     0.     0.  ], Mean: 85.83500000000001 
Run: 1, Task: 1, AL cycle: 3 / 3
Acc_vector: [ 71.67 100.     0.     0.     0.     0.  ], Mean: 85.83500000000001 
Number of samples in current task: 648
# Number of samples in the AL cycle: 12
Run: 1, Task: 2, AL cycle: 1 / 3
Acc_vector: [73.33 86.25 93.33  0.    0.    0.  ], Mean: 84.30333333333333 
Run: 1, Task: 2, AL cycle: 2 / 3
Acc_vector: [ 69.58  82.92 100.     0.     0.     0.  ], Mean: 84.16666666666667 
Run: 1, Task: 2, AL cycle: 3 / 3
Acc_vector: [ 84.58  82.5  100.     0.     0.     0.  ], Mean: 89.02666666666666 
Number of samples in current task: 648
# Number of samples in the AL cycle: 12
Run: 1, Task: 3, AL cycle: 1 / 3
Acc_vector: [75.83 87.5  90.83 62.92  0.    0.  ], Mean: 79.27 
Run: 1, Task: 3, AL cycle: 2 / 3
Acc_vector: [78.75 74.17 97.08 75.42  0.    0.  ], Mean: 81.355 
Run: 1, Task: 3, AL cycle: 3 / 3
Acc_vector: [78.75 73.33 97.08 75.42  0.    0.  ], Mean: 81.145 
Number of samples in current task: 648
# Number of samples in the AL cycle: 12
Run: 1, Task: 4, AL cycle: 1 / 3
Acc_vector: [52.92 81.25 97.08 65.   92.92  0.  ], Mean: 77.834 
Run: 1, Task: 4, AL cycle: 2 / 3
Acc_vector: [ 79.58  90.42  99.17  56.67 100.     0.  ], Mean: 85.168 
Run: 1, Task: 4, AL cycle: 3 / 3
Acc_vector: [ 79.17  90.    99.17  56.67 100.     0.  ], Mean: 85.00200000000001 
Number of samples in current task: 648
# Number of samples in the AL cycle: 12
Run: 1, Task: 5, AL cycle: 1 / 3
Acc_vector: [ 80.42  68.75  99.58  54.58  94.17 100.  ], Mean: 82.91666666666667 
Run: 1, Task: 5, AL cycle: 2 / 3
Acc_vector: [ 80.83  84.58  95.    65.    87.5  100.  ], Mean: 85.485 
Run: 1, Task: 5, AL cycle: 3 / 3
Acc_vector: [ 80.83  84.58  96.25  64.58  87.5  100.  ], Mean: 85.62333333333333 

 Finish Run 1: total 60.1758987903595 sec

 ######## Run 2, cls_order :[5, 0, 2, 10, 13, 6, 17, 14, 16, 4, 7, 15, 8, 9, 12, 1, 11, 3] ########
Create exp stream : 6 tasks,  classes order [17, 14, 16, 4, 7, 15, 8, 9, 12, 1, 11, 3] 
Input shape (L, D): (125, 45)
Training set size: 3888; Val set size: 432; Test set size: 1440
buffer has 84 slots
ER mode: task, NCM classifier: False
AL strategy: UncertaintyWithDiversity
Batch size: 84
Task 0: contains 648 train samples
Task 0: contains 72 val samples
Task 0: contains 240 test samples
Task 1: contains 648 train samples
Task 1: contains 72 val samples
Task 1: contains 240 test samples
Task 2: contains 648 train samples
Task 2: contains 72 val samples
Task 2: contains 240 test samples
Task 3: contains 648 train samples
Task 3: contains 72 val samples
Task 3: contains 240 test samples
Task 4: contains 648 train samples
Task 4: contains 72 val samples
Task 4: contains 240 test samples
Task 5: contains 648 train samples
Task 5: contains 72 val samples
Task 5: contains 240 test samples
Number of samples in current task: 648
# Number of samples in the AL cycle: 12
Run: 2, Task: 0, AL cycle: 1 / 3
Acc_vector: [100.   0.   0.   0.   0.   0.], Mean: 100.0 
Run: 2, Task: 0, AL cycle: 2 / 3
Acc_vector: [100.   0.   0.   0.   0.   0.], Mean: 100.0 
Run: 2, Task: 0, AL cycle: 3 / 3
Acc_vector: [100.   0.   0.   0.   0.   0.], Mean: 100.0 
Number of samples in current task: 648
# Number of samples in the AL cycle: 12
Run: 2, Task: 1, AL cycle: 1 / 3
Acc_vector: [97.08 99.58  0.    0.    0.    0.  ], Mean: 98.33 
Run: 2, Task: 1, AL cycle: 2 / 3
Acc_vector: [ 92.5 100.    0.    0.    0.    0. ], Mean: 96.25 
Run: 2, Task: 1, AL cycle: 3 / 3
Acc_vector: [ 91.67 100.     0.     0.     0.     0.  ], Mean: 95.83500000000001 
Number of samples in current task: 648
# Number of samples in the AL cycle: 12
Run: 2, Task: 2, AL cycle: 1 / 3
Acc_vector: [77.5  97.08 91.25  0.    0.    0.  ], Mean: 88.61 
Run: 2, Task: 2, AL cycle: 2 / 3
Acc_vector: [47.92 65.42 98.33  0.    0.    0.  ], Mean: 70.55666666666667 
Run: 2, Task: 2, AL cycle: 3 / 3
Acc_vector: [48.33 67.92 98.33  0.    0.    0.  ], Mean: 71.52666666666666 
Number of samples in current task: 648
# Number of samples in the AL cycle: 12
Run: 2, Task: 3, AL cycle: 1 / 3
Acc_vector: [71.67 87.92 67.92 94.58  0.    0.  ], Mean: 80.5225 
Run: 2, Task: 3, AL cycle: 2 / 3
Acc_vector: [63.75 87.92 90.   99.58  0.    0.  ], Mean: 85.3125 
Run: 2, Task: 3, AL cycle: 3 / 3
Acc_vector: [62.5  94.17 83.33 99.58  0.    0.  ], Mean: 84.895 
Number of samples in current task: 648
# Number of samples in the AL cycle: 12
Run: 2, Task: 4, AL cycle: 1 / 3
Acc_vector: [ 74.17  92.92  70.   100.    99.17   0.  ], Mean: 87.25200000000001 
Run: 2, Task: 4, AL cycle: 2 / 3
Acc_vector: [ 70.83  95.83  66.25  97.92 100.     0.  ], Mean: 86.166 
Run: 2, Task: 4, AL cycle: 3 / 3
Acc_vector: [ 70.    95.83  60.42  97.92 100.     0.  ], Mean: 84.834 
Number of samples in current task: 648
# Number of samples in the AL cycle: 12
Run: 2, Task: 5, AL cycle: 1 / 3
Acc_vector: [77.08 90.   73.33 97.08 89.58 98.75], Mean: 87.63666666666666 
Run: 2, Task: 5, AL cycle: 2 / 3
Acc_vector: [ 84.17  94.17  74.17  98.33 100.   100.  ], Mean: 91.80666666666666 
Run: 2, Task: 5, AL cycle: 3 / 3
Acc_vector: [ 82.5   92.92  73.75  99.17 100.   100.  ], Mean: 91.39 

 Finish Run 2: total 75.8415379524231 sec

 ######## Run 3, cls_order :[14, 3, 6, 10, 13, 5, 8, 12, 17, 1, 0, 15, 16, 2, 4, 9, 7, 11] ########
Create exp stream : 6 tasks,  classes order [8, 12, 17, 1, 0, 15, 16, 2, 4, 9, 7, 11] 
Input shape (L, D): (125, 45)
Training set size: 3888; Val set size: 432; Test set size: 1440
buffer has 84 slots
ER mode: task, NCM classifier: False
AL strategy: UncertaintyWithDiversity
Batch size: 84
Task 0: contains 648 train samples
Task 0: contains 72 val samples
Task 0: contains 240 test samples
Task 1: contains 648 train samples
Task 1: contains 72 val samples
Task 1: contains 240 test samples
Task 2: contains 648 train samples
Task 2: contains 72 val samples
Task 2: contains 240 test samples
Task 3: contains 648 train samples
Task 3: contains 72 val samples
Task 3: contains 240 test samples
Task 4: contains 648 train samples
Task 4: contains 72 val samples
Task 4: contains 240 test samples
Task 5: contains 648 train samples
Task 5: contains 72 val samples
Task 5: contains 240 test samples
Number of samples in current task: 648
# Number of samples in the AL cycle: 12
Run: 3, Task: 0, AL cycle: 1 / 3
Acc_vector: [52.92  0.    0.    0.    0.    0.  ], Mean: 52.92 
Run: 3, Task: 0, AL cycle: 2 / 3
Acc_vector: [99.17  0.    0.    0.    0.    0.  ], Mean: 99.17 
Run: 3, Task: 0, AL cycle: 3 / 3
Acc_vector: [100.   0.   0.   0.   0.   0.], Mean: 100.0 
Number of samples in current task: 648
# Number of samples in the AL cycle: 12
Run: 3, Task: 1, AL cycle: 1 / 3
Acc_vector: [88.75 93.33  0.    0.    0.    0.  ], Mean: 91.03999999999999 
Run: 3, Task: 1, AL cycle: 2 / 3
Acc_vector: [89.58 90.83  0.    0.    0.    0.  ], Mean: 90.205 
Run: 3, Task: 1, AL cycle: 3 / 3
Acc_vector: [91.67 88.33  0.    0.    0.    0.  ], Mean: 90.0 
Number of samples in current task: 648
# Number of samples in the AL cycle: 12
Run: 3, Task: 2, AL cycle: 1 / 3
Acc_vector: [73.33 77.5  99.17  0.    0.    0.  ], Mean: 83.33333333333333 
Run: 3, Task: 2, AL cycle: 2 / 3
Acc_vector: [ 77.08  82.08 100.     0.     0.     0.  ], Mean: 86.38666666666666 
Run: 3, Task: 2, AL cycle: 3 / 3
Acc_vector: [ 87.08  85.   100.     0.     0.     0.  ], Mean: 90.69333333333333 
Number of samples in current task: 648
# Number of samples in the AL cycle: 12
Run: 3, Task: 3, AL cycle: 1 / 3
Acc_vector: [75.83 68.33 98.33 87.5   0.    0.  ], Mean: 82.4975 
Run: 3, Task: 3, AL cycle: 2 / 3
Acc_vector: [86.25 87.92 99.17 97.5   0.    0.  ], Mean: 92.71000000000001 
Run: 3, Task: 3, AL cycle: 3 / 3
Acc_vector: [ 86.25  88.75  99.17 100.     0.     0.  ], Mean: 93.5425 
Number of samples in current task: 648
# Number of samples in the AL cycle: 12
Run: 3, Task: 4, AL cycle: 1 / 3
Acc_vector: [ 80.42  52.08 100.    97.5   90.83   0.  ], Mean: 84.166 
Run: 3, Task: 4, AL cycle: 2 / 3
Acc_vector: [ 85.    86.67  95.83  96.25 100.     0.  ], Mean: 92.75 
Run: 3, Task: 4, AL cycle: 3 / 3
Acc_vector: [ 83.75  83.75  97.5   90.   100.     0.  ], Mean: 91.0 
Number of samples in current task: 648
# Number of samples in the AL cycle: 12
Run: 3, Task: 5, AL cycle: 1 / 3
Acc_vector: [82.5  74.17 88.33 89.58 90.83 82.92], Mean: 84.72166666666666 
Run: 3, Task: 5, AL cycle: 2 / 3
Acc_vector: [82.08 67.08 92.92 62.92 85.83 95.  ], Mean: 80.97166666666666 
Run: 3, Task: 5, AL cycle: 3 / 3
Acc_vector: [72.08 60.83 92.5  70.   92.08 97.5 ], Mean: 80.83166666666666 

 Finish Run 3: total 57.996222257614136 sec

 ######## Run 4, cls_order :[10, 6, 12, 9, 15, 0, 17, 5, 1, 7, 11, 8, 16, 3, 2, 13, 14, 4] ########
Create exp stream : 6 tasks,  classes order [17, 5, 1, 7, 11, 8, 16, 3, 2, 13, 14, 4] 
Input shape (L, D): (125, 45)
Training set size: 3888; Val set size: 432; Test set size: 1440
buffer has 84 slots
ER mode: task, NCM classifier: False
AL strategy: UncertaintyWithDiversity
Batch size: 84
Task 0: contains 648 train samples
Task 0: contains 72 val samples
Task 0: contains 240 test samples
Task 1: contains 648 train samples
Task 1: contains 72 val samples
Task 1: contains 240 test samples
Task 2: contains 648 train samples
Task 2: contains 72 val samples
Task 2: contains 240 test samples
Task 3: contains 648 train samples
Task 3: contains 72 val samples
Task 3: contains 240 test samples
Task 4: contains 648 train samples
Task 4: contains 72 val samples
Task 4: contains 240 test samples
Task 5: contains 648 train samples
Task 5: contains 72 val samples
Task 5: contains 240 test samples
Number of samples in current task: 648
# Number of samples in the AL cycle: 12
Run: 4, Task: 0, AL cycle: 1 / 3
Acc_vector: [57.5  0.   0.   0.   0.   0. ], Mean: 57.5 
Run: 4, Task: 0, AL cycle: 2 / 3
Acc_vector: [52.92  0.    0.    0.    0.    0.  ], Mean: 52.92 
Run: 4, Task: 0, AL cycle: 3 / 3
Acc_vector: [50.42  0.    0.    0.    0.    0.  ], Mean: 50.42 
Number of samples in current task: 648
# Number of samples in the AL cycle: 12
Run: 4, Task: 1, AL cycle: 1 / 3
Acc_vector: [ 6.25 72.92  0.    0.    0.    0.  ], Mean: 39.585 
Run: 4, Task: 1, AL cycle: 2 / 3
Acc_vector: [58.33 88.33  0.    0.    0.    0.  ], Mean: 73.33 
Run: 4, Task: 1, AL cycle: 3 / 3
Acc_vector: [66.67 92.5   0.    0.    0.    0.  ], Mean: 79.58500000000001 
Number of samples in current task: 648
# Number of samples in the AL cycle: 12
Run: 4, Task: 2, AL cycle: 1 / 3
Acc_vector: [68.33 85.42 92.92  0.    0.    0.  ], Mean: 82.22333333333334 
Run: 4, Task: 2, AL cycle: 2 / 3
Acc_vector: [ 65.    57.92 100.     0.     0.     0.  ], Mean: 74.30666666666667 
Run: 4, Task: 2, AL cycle: 3 / 3
Acc_vector: [ 66.67  65.83 100.     0.     0.     0.  ], Mean: 77.5 
Number of samples in current task: 648
# Number of samples in the AL cycle: 12
Run: 4, Task: 3, AL cycle: 1 / 3
Acc_vector: [89.17 80.83 90.   98.75  0.    0.  ], Mean: 89.6875 
Run: 4, Task: 3, AL cycle: 2 / 3
Acc_vector: [ 65.83  81.67 100.   100.     0.     0.  ], Mean: 86.875 
Run: 4, Task: 3, AL cycle: 3 / 3
Acc_vector: [ 84.58  74.58 100.   100.     0.     0.  ], Mean: 89.78999999999999 
Number of samples in current task: 648
# Number of samples in the AL cycle: 12
Run: 4, Task: 4, AL cycle: 1 / 3
Acc_vector: [ 83.75  68.75  88.33 100.   100.     0.  ], Mean: 88.166 
Run: 4, Task: 4, AL cycle: 2 / 3
Traceback (most recent call last):
  File "/home/sam/Desktop/2024252/Onlab/code/TSCIL-AL/main_tune.py", line 6, in <module>
    from experiment.tune_and_exp import tune_and_experiment_multiple_runs
  File "/home/sam/Desktop/2024252/Onlab/code/TSCIL-AL/experiment/tune_and_exp.py", line 5, in <module>
    from samplers.utils.name_match import samplers
  File "/home/sam/Desktop/2024252/Onlab/code/TSCIL-AL/samplers/utils/name_match.py", line 7, in <module>
    from samplers.uncertainty_diversity import UncertaintySamplerWithDiversity
ImportError: cannot import name 'UncertaintySamplerWithDiversity' from 'samplers.uncertainty_diversity' (/home/sam/Desktop/2024252/Onlab/code/TSCIL-AL/samplers/uncertainty_diversity.py)
Traceback (most recent call last):
  File "/home/sam/Desktop/2024252/Onlab/code/TSCIL-AL/main_tune.py", line 6, in <module>
    from experiment.tune_and_exp import tune_and_experiment_multiple_runs
  File "/home/sam/Desktop/2024252/Onlab/code/TSCIL-AL/experiment/tune_and_exp.py", line 5, in <module>
    from samplers.utils.name_match import samplers
  File "/home/sam/Desktop/2024252/Onlab/code/TSCIL-AL/samplers/utils/name_match.py", line 7, in <module>
    from samplers.uncertainty_diversity import UncertaintySamplerWithDiversity
ImportError: cannot import name 'UncertaintySamplerWithDiversity' from 'samplers.uncertainty_diversity' (/home/sam/Desktop/2024252/Onlab/code/TSCIL-AL/samplers/uncertainty_diversity.py)
Traceback (most recent call last):
  File "/home/sam/Desktop/2024252/Onlab/code/TSCIL-AL/main_tune.py", line 6, in <module>
    from experiment.tune_and_exp import tune_and_experiment_multiple_runs
  File "/home/sam/Desktop/2024252/Onlab/code/TSCIL-AL/experiment/tune_and_exp.py", line 5, in <module>
    from samplers.utils.name_match import samplers
  File "/home/sam/Desktop/2024252/Onlab/code/TSCIL-AL/samplers/utils/name_match.py", line 7, in <module>
    from samplers.uncertainty_diversity import UncertaintySamplerWithDiversity
ImportError: cannot import name 'UncertaintySamplerWithDiversity' from 'samplers.uncertainty_diversity' (/home/sam/Desktop/2024252/Onlab/code/TSCIL-AL/samplers/uncertainty_diversity.py)
Traceback (most recent call last):
  File "/home/sam/Desktop/2024252/Onlab/code/TSCIL-AL/main_tune.py", line 6, in <module>
    from experiment.tune_and_exp import tune_and_experiment_multiple_runs
  File "/home/sam/Desktop/2024252/Onlab/code/TSCIL-AL/experiment/tune_and_exp.py", line 5, in <module>
    from samplers.utils.name_match import samplers
  File "/home/sam/Desktop/2024252/Onlab/code/TSCIL-AL/samplers/utils/name_match.py", line 7, in <module>
    from samplers.uncertainty_diversity import UncertaintySamplerWithDiversity
ImportError: cannot import name 'UncertaintySamplerWithDiversity' from 'samplers.uncertainty_diversity' (/home/sam/Desktop/2024252/Onlab/code/TSCIL-AL/samplers/uncertainty_diversity.py)
Traceback (most recent call last):
  File "/home/sam/Desktop/2024252/Onlab/code/TSCIL-AL/main_tune.py", line 6, in <module>
    from experiment.tune_and_exp import tune_and_experiment_multiple_runs
  File "/home/sam/Desktop/2024252/Onlab/code/TSCIL-AL/experiment/tune_and_exp.py", line 5, in <module>
    from samplers.utils.name_match import samplers
  File "/home/sam/Desktop/2024252/Onlab/code/TSCIL-AL/samplers/utils/name_match.py", line 7, in <module>
    from samplers.uncertainty_diversity import UncertaintySamplerWithDiversity
ImportError: cannot import name 'UncertaintySamplerWithDiversity' from 'samplers.uncertainty_diversity' (/home/sam/Desktop/2024252/Onlab/code/TSCIL-AL/samplers/uncertainty_diversity.py)
Traceback (most recent call last):
  File "/home/sam/Desktop/2024252/Onlab/code/TSCIL-AL/main_tune.py", line 6, in <module>
    from experiment.tune_and_exp import tune_and_experiment_multiple_runs
  File "/home/sam/Desktop/2024252/Onlab/code/TSCIL-AL/experiment/tune_and_exp.py", line 5, in <module>
    from samplers.utils.name_match import samplers
  File "/home/sam/Desktop/2024252/Onlab/code/TSCIL-AL/samplers/utils/name_match.py", line 7, in <module>
    from samplers.uncertainty_diversity import UncertaintySamplerWithDiversity
ImportError: cannot import name 'UncertaintySamplerWithDiversity' from 'samplers.uncertainty_diversity' (/home/sam/Desktop/2024252/Onlab/code/TSCIL-AL/samplers/uncertainty_diversity.py)
Traceback (most recent call last):
  File "/home/sam/Desktop/2024252/Onlab/code/TSCIL-AL/main_tune.py", line 6, in <module>
    from experiment.tune_and_exp import tune_and_experiment_multiple_runs
  File "/home/sam/Desktop/2024252/Onlab/code/TSCIL-AL/experiment/tune_and_exp.py", line 5, in <module>
    from samplers.utils.name_match import samplers
  File "/home/sam/Desktop/2024252/Onlab/code/TSCIL-AL/samplers/utils/name_match.py", line 7, in <module>
    from samplers.uncertainty_diversity import UncertaintySamplerWithDiversity
ImportError: cannot import name 'UncertaintySamplerWithDiversity' from 'samplers.uncertainty_diversity' (/home/sam/Desktop/2024252/Onlab/code/TSCIL-AL/samplers/uncertainty_diversity.py)
Traceback (most recent call last):
  File "/home/sam/Desktop/2024252/Onlab/code/TSCIL-AL/main_tune.py", line 6, in <module>
    from experiment.tune_and_exp import tune_and_experiment_multiple_runs
  File "/home/sam/Desktop/2024252/Onlab/code/TSCIL-AL/experiment/tune_and_exp.py", line 5, in <module>
    from samplers.utils.name_match import samplers
  File "/home/sam/Desktop/2024252/Onlab/code/TSCIL-AL/samplers/utils/name_match.py", line 7, in <module>
    from samplers.uncertainty_diversity import UncertaintySamplerWithDiversity
ImportError: cannot import name 'UncertaintySamplerWithDiversity' from 'samplers.uncertainty_diversity' (/home/sam/Desktop/2024252/Onlab/code/TSCIL-AL/samplers/uncertainty_diversity.py)
Traceback (most recent call last):
  File "/home/sam/Desktop/2024252/Onlab/code/TSCIL-AL/main_tune.py", line 6, in <module>
    from experiment.tune_and_exp import tune_and_experiment_multiple_runs
  File "/home/sam/Desktop/2024252/Onlab/code/TSCIL-AL/experiment/tune_and_exp.py", line 5, in <module>
    from samplers.utils.name_match import samplers
  File "/home/sam/Desktop/2024252/Onlab/code/TSCIL-AL/samplers/utils/name_match.py", line 7, in <module>
    from samplers.uncertainty_diversity import UncertaintySamplerWithDiversity
ImportError: cannot import name 'UncertaintySamplerWithDiversity' from 'samplers.uncertainty_diversity' (/home/sam/Desktop/2024252/Onlab/code/TSCIL-AL/samplers/uncertainty_diversity.py)
Traceback (most recent call last):
  File "/home/sam/Desktop/2024252/Onlab/code/TSCIL-AL/main_tune.py", line 6, in <module>
    from experiment.tune_and_exp import tune_and_experiment_multiple_runs
  File "/home/sam/Desktop/2024252/Onlab/code/TSCIL-AL/experiment/tune_and_exp.py", line 5, in <module>
    from samplers.utils.name_match import samplers
  File "/home/sam/Desktop/2024252/Onlab/code/TSCIL-AL/samplers/utils/name_match.py", line 7, in <module>
    from samplers.uncertainty_diversity import UncertaintySamplerWithDiversity
ImportError: cannot import name 'UncertaintySamplerWithDiversity' from 'samplers.uncertainty_diversity' (/home/sam/Desktop/2024252/Onlab/code/TSCIL-AL/samplers/uncertainty_diversity.py)

 ######## Run 0, cls_order :[11, 3, 17, 10, 13, 14, 0, 2, 16, 7, 1, 9, 8, 4, 12, 5, 6, 15] ########
Create exp stream : 6 tasks,  classes order [0, 2, 16, 7, 1, 9, 8, 4, 12, 5, 6, 15] 
Input shape (L, D): (200, 3)
Training set size: 10825; Val set size: 1207; Test set size: 4010
buffer has 600 slots
ER mode: task, NCM classifier: False
AL strategy: RandomIter
Batch size: 600
Task 0: contains 1824 train samples
Task 0: contains 203 val samples
Task 0: contains 675 test samples
Task 1: contains 1833 train samples
Task 1: contains 205 val samples
Task 1: contains 680 test samples
Task 2: contains 1766 train samples
Task 2: contains 197 val samples
Task 2: contains 654 test samples
Task 3: contains 1808 train samples
Task 3: contains 201 val samples
Task 3: contains 670 test samples
Task 4: contains 1789 train samples
Task 4: contains 200 val samples
Task 4: contains 663 test samples
Task 5: contains 1805 train samples
Task 5: contains 201 val samples
Task 5: contains 668 test samples
# Number of samples in the AL cycle: 91
Run: 0, Task: 0, AL cycle: 1 / 7
Acc_vector: [61.33  0.    0.    0.    0.    0.  ], Mean: 61.33 
task_columns: ['task_1', 'task_2', 'task_3', 'task_4', 'task_5', 'task_6']
Run: 0, Task: 0, AL cycle: 2 / 7
Acc_vector: [73.63  0.    0.    0.    0.    0.  ], Mean: 73.63 
Run: 0, Task: 0, AL cycle: 3 / 7
Acc_vector: [73.04  0.    0.    0.    0.    0.  ], Mean: 73.04 
Run: 0, Task: 0, AL cycle: 4 / 7
Acc_vector: [74.81  0.    0.    0.    0.    0.  ], Mean: 74.81 
Run: 0, Task: 0, AL cycle: 5 / 7
Acc_vector: [77.48  0.    0.    0.    0.    0.  ], Mean: 77.48 
Run: 0, Task: 0, AL cycle: 6 / 7
Acc_vector: [79.11  0.    0.    0.    0.    0.  ], Mean: 79.11 
Run: 0, Task: 0, AL cycle: 7 / 7
Acc_vector: [82.07  0.    0.    0.    0.    0.  ], Mean: 82.07 
# Number of samples in the AL cycle: 91
Run: 0, Task: 1, AL cycle: 1 / 7
Acc_vector: [57.04 50.59  0.    0.    0.    0.  ], Mean: 53.815 
Run: 0, Task: 1, AL cycle: 2 / 7
Acc_vector: [62.81 53.68  0.    0.    0.    0.  ], Mean: 58.245000000000005 
Run: 0, Task: 1, AL cycle: 3 / 7
Acc_vector: [62.81 54.12  0.    0.    0.    0.  ], Mean: 58.465 
Run: 0, Task: 1, AL cycle: 4 / 7
Acc_vector: [62.22 54.85  0.    0.    0.    0.  ], Mean: 58.535 
Run: 0, Task: 1, AL cycle: 5 / 7
Acc_vector: [62.22 54.41  0.    0.    0.    0.  ], Mean: 58.315 
Run: 0, Task: 1, AL cycle: 6 / 7
Acc_vector: [61.63 55.    0.    0.    0.    0.  ], Mean: 58.315 
Run: 0, Task: 1, AL cycle: 7 / 7
Acc_vector: [68.3  73.68  0.    0.    0.    0.  ], Mean: 70.99000000000001 
# Number of samples in the AL cycle: 88
Run: 0, Task: 2, AL cycle: 1 / 7
Acc_vector: [67.56 43.97 71.87  0.    0.    0.  ], Mean: 61.13333333333333 
Run: 0, Task: 2, AL cycle: 2 / 7
Acc_vector: [69.93 35.59 76.61  0.    0.    0.  ], Mean: 60.71 
Run: 0, Task: 2, AL cycle: 3 / 7
Acc_vector: [69.19 24.41 89.6   0.    0.    0.  ], Mean: 61.06666666666666 
Run: 0, Task: 2, AL cycle: 4 / 7
Acc_vector: [69.48 22.79 89.6   0.    0.    0.  ], Mean: 60.623333333333335 
Run: 0, Task: 2, AL cycle: 5 / 7
Acc_vector: [69.04 22.35 88.53  0.    0.    0.  ], Mean: 59.973333333333336 
Run: 0, Task: 2, AL cycle: 6 / 7
Acc_vector: [71.41 21.03 91.59  0.    0.    0.  ], Mean: 61.343333333333334 
Run: 0, Task: 2, AL cycle: 7 / 7
Acc_vector: [71.26 20.44 91.13  0.    0.    0.  ], Mean: 60.94333333333333 
# Number of samples in the AL cycle: 90
Run: 0, Task: 3, AL cycle: 1 / 7
Acc_vector: [76.3  24.85 73.09 45.97  0.    0.  ], Mean: 55.0525 
Run: 0, Task: 3, AL cycle: 2 / 7
Acc_vector: [78.96 15.44 51.22 71.19  0.    0.  ], Mean: 54.2025 
Run: 0, Task: 3, AL cycle: 3 / 7
Acc_vector: [78.96 16.47 52.45 70.75  0.    0.  ], Mean: 54.6575 
Run: 0, Task: 3, AL cycle: 4 / 7
Acc_vector: [78.81 17.21 53.52 70.75  0.    0.  ], Mean: 55.072500000000005 
Run: 0, Task: 3, AL cycle: 5 / 7
Acc_vector: [79.26 18.09 53.98 71.04  0.    0.  ], Mean: 55.5925 
Run: 0, Task: 3, AL cycle: 6 / 7
Acc_vector: [79.41 18.24 54.13 71.04  0.    0.  ], Mean: 55.705 
Run: 0, Task: 3, AL cycle: 7 / 7
Acc_vector: [79.26 18.38 54.59 70.9   0.    0.  ], Mean: 55.782500000000006 
# Number of samples in the AL cycle: 89
Run: 0, Task: 4, AL cycle: 1 / 7
Acc_vector: [76.89 25.15 69.72 26.87 38.46  0.  ], Mean: 47.418 
Run: 0, Task: 4, AL cycle: 2 / 7
Acc_vector: [66.67 15.59 59.33 22.24 62.44  0.  ], Mean: 45.254000000000005 
Run: 0, Task: 4, AL cycle: 3 / 7
Acc_vector: [66.67 16.62 59.33 21.94 62.59  0.  ], Mean: 45.43 
Run: 0, Task: 4, AL cycle: 4 / 7
Acc_vector: [66.96 16.62 59.33 21.79 62.59  0.  ], Mean: 45.458 
Run: 0, Task: 4, AL cycle: 5 / 7
Acc_vector: [66.67 17.21 59.79 21.94 62.59  0.  ], Mean: 45.64 
Run: 0, Task: 4, AL cycle: 6 / 7
Acc_vector: [66.96 17.35 59.94 21.79 63.8   0.  ], Mean: 45.967999999999996 
Run: 0, Task: 4, AL cycle: 7 / 7
Acc_vector: [67.85 17.65 60.4  21.79 64.56  0.  ], Mean: 46.45 
# Number of samples in the AL cycle: 90
Run: 0, Task: 5, AL cycle: 1 / 7
Acc_vector: [75.11 13.97 67.74 15.52 47.51 25.3 ], Mean: 40.858333333333334 
Run: 0, Task: 5, AL cycle: 2 / 7
Acc_vector: [76.15  8.97 66.97 16.27 39.82 43.56], Mean: 41.95666666666667 
Run: 0, Task: 5, AL cycle: 3 / 7
Acc_vector: [75.56  9.26 67.13 11.49 37.41 46.86], Mean: 41.285 
Run: 0, Task: 5, AL cycle: 4 / 7
Acc_vector: [76.74 10.29 66.82 10.6  36.95 50.45], Mean: 41.974999999999994 
Run: 0, Task: 5, AL cycle: 5 / 7
Acc_vector: [76.44 10.15 67.28 10.75 37.1  50.  ], Mean: 41.95333333333333 
Run: 0, Task: 5, AL cycle: 6 / 7
Acc_vector: [76.15  9.41 66.97 10.75 38.16 49.7 ], Mean: 41.85666666666666 
Run: 0, Task: 5, AL cycle: 7 / 7
Acc_vector: [76.3   9.26 67.13 10.9  38.46 50.3 ], Mean: 42.05833333333334 

 Finish Run 0: total 610.609867811203 sec

 ######## Run 1, cls_order :[1, 13, 12, 5, 4, 17, 15, 10, 0, 8, 9, 6, 14, 7, 3, 16, 2, 11] ########
Create exp stream : 6 tasks,  classes order [15, 10, 0, 8, 9, 6, 14, 7, 3, 16, 2, 11] 
Input shape (L, D): (200, 3)
Training set size: 10909; Val set size: 1216; Test set size: 4042
buffer has 600 slots
ER mode: task, NCM classifier: False
AL strategy: RandomIter
Batch size: 600
Task 0: contains 1858 train samples
Task 0: contains 207 val samples
Task 0: contains 688 test samples
Task 1: contains 1843 train samples
Task 1: contains 205 val samples
Task 1: contains 683 test samples
Task 2: contains 1769 train samples
Task 2: contains 197 val samples
Task 2: contains 655 test samples
Task 3: contains 1850 train samples
Task 3: contains 207 val samples
Task 3: contains 686 test samples
Task 4: contains 1812 train samples
Task 4: contains 202 val samples
Task 4: contains 672 test samples
Task 5: contains 1777 train samples
Task 5: contains 198 val samples
Task 5: contains 658 test samples
# Number of samples in the AL cycle: 92
Run: 1, Task: 0, AL cycle: 1 / 7
Acc_vector: [59.88  0.    0.    0.    0.    0.  ], Mean: 59.88 
Run: 1, Task: 0, AL cycle: 2 / 7
Acc_vector: [62.94  0.    0.    0.    0.    0.  ], Mean: 62.94 
Run: 1, Task: 0, AL cycle: 3 / 7
Acc_vector: [63.66  0.    0.    0.    0.    0.  ], Mean: 63.66 
Run: 1, Task: 0, AL cycle: 4 / 7
Acc_vector: [62.79  0.    0.    0.    0.    0.  ], Mean: 62.79 
Run: 1, Task: 0, AL cycle: 5 / 7
Acc_vector: [63.23  0.    0.    0.    0.    0.  ], Mean: 63.23 
Run: 1, Task: 0, AL cycle: 6 / 7
Acc_vector: [64.39  0.    0.    0.    0.    0.  ], Mean: 64.39 
Run: 1, Task: 0, AL cycle: 7 / 7
Acc_vector: [64.39  0.    0.    0.    0.    0.  ], Mean: 64.39 
# Number of samples in the AL cycle: 92
Run: 1, Task: 1, AL cycle: 1 / 7
Acc_vector: [47.24 63.84  0.    0.    0.    0.  ], Mean: 55.540000000000006 
Run: 1, Task: 1, AL cycle: 2 / 7
Acc_vector: [ 4.22 87.26  0.    0.    0.    0.  ], Mean: 45.74 
Run: 1, Task: 1, AL cycle: 3 / 7
Acc_vector: [ 3.92 87.55  0.    0.    0.    0.  ], Mean: 45.735 
Run: 1, Task: 1, AL cycle: 4 / 7
Acc_vector: [ 4.22 85.8   0.    0.    0.    0.  ], Mean: 45.01 
Run: 1, Task: 1, AL cycle: 5 / 7
Acc_vector: [ 3.92 84.48  0.    0.    0.    0.  ], Mean: 44.2 
Run: 1, Task: 1, AL cycle: 6 / 7
Acc_vector: [ 4.07 83.02  0.    0.    0.    0.  ], Mean: 43.545 
Run: 1, Task: 1, AL cycle: 7 / 7
Acc_vector: [ 3.92 82.58  0.    0.    0.    0.  ], Mean: 43.25 
# Number of samples in the AL cycle: 88
Run: 1, Task: 2, AL cycle: 1 / 7
Acc_vector: [25.87 50.51 25.65  0.    0.    0.  ], Mean: 34.01 
Run: 1, Task: 2, AL cycle: 2 / 7
Acc_vector: [12.06 51.39 39.39  0.    0.    0.  ], Mean: 34.28 
Run: 1, Task: 2, AL cycle: 3 / 7
Acc_vector: [10.9 51.1 40.   0.   0.   0. ], Mean: 34.0 
Run: 1, Task: 2, AL cycle: 4 / 7
Acc_vector: [ 9.45 51.24 40.31  0.    0.    0.  ], Mean: 33.666666666666664 
Run: 1, Task: 2, AL cycle: 5 / 7
Acc_vector: [ 9.3  51.68 40.31  0.    0.    0.  ], Mean: 33.763333333333335 
Run: 1, Task: 2, AL cycle: 6 / 7
Acc_vector: [ 8.87 51.68 40.61  0.    0.    0.  ], Mean: 33.72 
Run: 1, Task: 2, AL cycle: 7 / 7
Acc_vector: [ 8.87 51.83 40.31  0.    0.    0.  ], Mean: 33.669999999999995 
# Number of samples in the AL cycle: 92
Run: 1, Task: 3, AL cycle: 1 / 7
Acc_vector: [21.08 15.08 10.99 37.17  0.    0.  ], Mean: 21.08 
Run: 1, Task: 3, AL cycle: 2 / 7
Acc_vector: [ 8.14 30.31  1.83 61.81  0.    0.  ], Mean: 25.5225 
Run: 1, Task: 3, AL cycle: 3 / 7
Acc_vector: [ 8.43 30.45  1.83 61.81  0.    0.  ], Mean: 25.63 
Run: 1, Task: 3, AL cycle: 4 / 7
Acc_vector: [ 7.85 31.33  1.83 62.24  0.    0.  ], Mean: 25.8125 
Run: 1, Task: 3, AL cycle: 5 / 7
Acc_vector: [ 8.43 31.77  1.83 61.95  0.    0.  ], Mean: 25.995 
Run: 1, Task: 3, AL cycle: 6 / 7
Acc_vector: [ 8.58 32.06  1.83 62.39  0.    0.  ], Mean: 26.215 
Run: 1, Task: 3, AL cycle: 7 / 7
Acc_vector: [ 7.85 32.8   1.83 61.81  0.    0.  ], Mean: 26.072499999999998 
# Number of samples in the AL cycle: 90
Run: 1, Task: 4, AL cycle: 1 / 7
Acc_vector: [29.22 47.58  4.73 21.43 13.84  0.  ], Mean: 23.360000000000003 
Run: 1, Task: 4, AL cycle: 2 / 7
Acc_vector: [31.69 50.37  7.02 17.49 25.74  0.  ], Mean: 26.462 
Run: 1, Task: 4, AL cycle: 3 / 7
Acc_vector: [31.4  50.07  7.18 16.18 26.34  0.  ], Mean: 26.234 
Run: 1, Task: 4, AL cycle: 4 / 7
Acc_vector: [30.23 50.37  6.56 15.31 32.29  0.  ], Mean: 26.951999999999998 
Run: 1, Task: 4, AL cycle: 5 / 7
Acc_vector: [30.23 50.51  6.72 15.31 30.95  0.  ], Mean: 26.744 
Run: 1, Task: 4, AL cycle: 6 / 7
Acc_vector: [32.99 49.93  7.33 14.14 31.25  0.  ], Mean: 27.127999999999997 
Run: 1, Task: 4, AL cycle: 7 / 7
Acc_vector: [33.14 50.07  7.63 13.41 31.55  0.  ], Mean: 27.160000000000004 
# Number of samples in the AL cycle: 88
Run: 1, Task: 5, AL cycle: 1 / 7
Acc_vector: [47.38 32.36  5.34 13.41  9.97 20.97], Mean: 21.57166666666667 
Run: 1, Task: 5, AL cycle: 2 / 7
Acc_vector: [45.06 35.72  2.14  7.87 14.73 22.04], Mean: 21.26 
Run: 1, Task: 5, AL cycle: 3 / 7
Acc_vector: [46.8  35.14  1.53  7.43 14.58 21.58], Mean: 21.176666666666666 
Run: 1, Task: 5, AL cycle: 4 / 7
Acc_vector: [46.66 34.99  1.53  7.58 14.58 21.58], Mean: 21.153333333333332 
Run: 1, Task: 5, AL cycle: 5 / 7
Acc_vector: [44.19 34.26  0.31  7.73 16.82 33.89], Mean: 22.866666666666664 
Run: 1, Task: 5, AL cycle: 6 / 7
Acc_vector: [45.64 34.26  0.31  7.87 16.52 33.13], Mean: 22.955000000000002 
Run: 1, Task: 5, AL cycle: 7 / 7
Acc_vector: [45.93 34.11  0.31  7.87 16.22 32.83], Mean: 22.87833333333333 

 Finish Run 1: total 558.5970048904419 sec

 ######## Run 2, cls_order :[5, 0, 2, 10, 13, 6, 17, 14, 16, 4, 7, 15, 8, 9, 12, 1, 11, 3] ########
Create exp stream : 6 tasks,  classes order [17, 14, 16, 4, 7, 15, 8, 9, 12, 1, 11, 3] 
Input shape (L, D): (200, 3)
Training set size: 10880; Val set size: 1214; Test set size: 4033
buffer has 600 slots
ER mode: task, NCM classifier: False
AL strategy: RandomIter
Batch size: 600
Task 0: contains 1831 train samples
Task 0: contains 205 val samples
Task 0: contains 679 test samples
Task 1: contains 1830 train samples
Task 1: contains 204 val samples
Task 1: contains 678 test samples
Task 2: contains 1808 train samples
Task 2: contains 202 val samples
Task 2: contains 670 test samples
Task 3: contains 1741 train samples
Task 3: contains 194 val samples
Task 3: contains 645 test samples
Task 4: contains 1864 train samples
Task 4: contains 208 val samples
Task 4: contains 691 test samples
Task 5: contains 1806 train samples
Task 5: contains 201 val samples
Task 5: contains 670 test samples
# Number of samples in the AL cycle: 91
Run: 2, Task: 0, AL cycle: 1 / 7
Acc_vector: [64.65  0.    0.    0.    0.    0.  ], Mean: 64.65 
Run: 2, Task: 0, AL cycle: 2 / 7
Acc_vector: [63.77  0.    0.    0.    0.    0.  ], Mean: 63.77 
Run: 2, Task: 0, AL cycle: 3 / 7
Acc_vector: [60.82  0.    0.    0.    0.    0.  ], Mean: 60.82 
Run: 2, Task: 0, AL cycle: 4 / 7
Acc_vector: [59.94  0.    0.    0.    0.    0.  ], Mean: 59.94 
Run: 2, Task: 0, AL cycle: 5 / 7
Acc_vector: [59.5  0.   0.   0.   0.   0. ], Mean: 59.5 
Run: 2, Task: 0, AL cycle: 6 / 7
Acc_vector: [59.06  0.    0.    0.    0.    0.  ], Mean: 59.06 
Run: 2, Task: 0, AL cycle: 7 / 7
Acc_vector: [57.73  0.    0.    0.    0.    0.  ], Mean: 57.73 
# Number of samples in the AL cycle: 91
Run: 2, Task: 1, AL cycle: 1 / 7
Acc_vector: [ 7.81 78.32  0.    0.    0.    0.  ], Mean: 43.065 
Run: 2, Task: 1, AL cycle: 2 / 7
Acc_vector: [ 8.39 78.32  0.    0.    0.    0.  ], Mean: 43.355 
Run: 2, Task: 1, AL cycle: 3 / 7
Acc_vector: [ 8.1  78.47  0.    0.    0.    0.  ], Mean: 43.285 
Run: 2, Task: 1, AL cycle: 4 / 7
Acc_vector: [ 8.39 77.73  0.    0.    0.    0.  ], Mean: 43.06 
Run: 2, Task: 1, AL cycle: 5 / 7
Acc_vector: [ 8.69 77.58  0.    0.    0.    0.  ], Mean: 43.135 
Run: 2, Task: 1, AL cycle: 6 / 7
Acc_vector: [ 8.98 77.73  0.    0.    0.    0.  ], Mean: 43.355000000000004 
Run: 2, Task: 1, AL cycle: 7 / 7
Acc_vector: [ 8.69 77.73  0.    0.    0.    0.  ], Mean: 43.21 
# Number of samples in the AL cycle: 90
Run: 2, Task: 2, AL cycle: 1 / 7
Acc_vector: [20.91 42.18 50.45  0.    0.    0.  ], Mean: 37.84666666666667 
Run: 2, Task: 2, AL cycle: 2 / 7
Acc_vector: [21.65 36.28 58.96  0.    0.    0.  ], Mean: 38.96333333333333 
Run: 2, Task: 2, AL cycle: 3 / 7
Acc_vector: [21.65 37.17 58.21  0.    0.    0.  ], Mean: 39.01 
Run: 2, Task: 2, AL cycle: 4 / 7
Acc_vector: [21.94 36.28 58.21  0.    0.    0.  ], Mean: 38.81 
Run: 2, Task: 2, AL cycle: 5 / 7
Acc_vector: [22.68 35.99 58.36  0.    0.    0.  ], Mean: 39.01 
Run: 2, Task: 2, AL cycle: 6 / 7
Acc_vector: [22.53 35.99 58.36  0.    0.    0.  ], Mean: 38.96 
Run: 2, Task: 2, AL cycle: 7 / 7
Acc_vector: [22.68 35.99 58.36  0.    0.    0.  ], Mean: 39.01 
# Number of samples in the AL cycle: 87
Run: 2, Task: 3, AL cycle: 1 / 7
Acc_vector: [26.22 40.71 40.75 14.88  0.    0.  ], Mean: 30.64 
Run: 2, Task: 3, AL cycle: 2 / 7
Acc_vector: [30.34 33.33 43.73 22.33  0.    0.  ], Mean: 32.432500000000005 
Run: 2, Task: 3, AL cycle: 3 / 7
Acc_vector: [28.13 32.74 42.54 24.34  0.    0.  ], Mean: 31.9375 
Run: 2, Task: 3, AL cycle: 4 / 7
Acc_vector: [26.8  32.45 42.24 25.12  0.    0.  ], Mean: 31.652500000000003 
Run: 2, Task: 3, AL cycle: 5 / 7
Acc_vector: [26.95 32.01 42.39 25.27  0.    0.  ], Mean: 31.654999999999998 
Run: 2, Task: 3, AL cycle: 6 / 7
Acc_vector: [27.1  32.3  42.39 25.43  0.    0.  ], Mean: 31.805 
Run: 2, Task: 3, AL cycle: 7 / 7
Acc_vector: [26.8  32.01 42.54 25.43  0.    0.  ], Mean: 31.695 
# Number of samples in the AL cycle: 93
Run: 2, Task: 4, AL cycle: 1 / 7
Acc_vector: [31.66 33.33 33.88 13.95 63.1   0.  ], Mean: 35.184000000000005 
Run: 2, Task: 4, AL cycle: 2 / 7
Acc_vector: [34.76 20.65 33.43 16.12 70.19  0.  ], Mean: 35.03 
Run: 2, Task: 4, AL cycle: 3 / 7
Acc_vector: [34.76 21.53 33.88 15.04 70.19  0.  ], Mean: 35.08 
Run: 2, Task: 4, AL cycle: 4 / 7
Acc_vector: [34.46 21.53 34.48 14.42 70.04  0.  ], Mean: 34.986000000000004 
Run: 2, Task: 4, AL cycle: 5 / 7
Acc_vector: [35.2  21.83 34.63 14.57 70.04  0.  ], Mean: 35.254 
Run: 2, Task: 4, AL cycle: 6 / 7
Acc_vector: [35.2  21.83 34.63 14.88 70.19  0.  ], Mean: 35.346 
Run: 2, Task: 4, AL cycle: 7 / 7
Acc_vector: [35.2  21.83 34.93 15.04 70.48  0.  ], Mean: 35.496 
# Number of samples in the AL cycle: 90
Run: 2, Task: 5, AL cycle: 1 / 7
Acc_vector: [38.44 26.99 33.13 19.22 57.89 20.15], Mean: 32.63666666666667 
Run: 2, Task: 5, AL cycle: 2 / 7
Acc_vector: [37.56 27.29 29.25 10.85 59.48 32.09], Mean: 32.75333333333333 
Run: 2, Task: 5, AL cycle: 3 / 7
Acc_vector: [38.   27.29 29.25 10.54 59.48 32.09], Mean: 32.775 
Run: 2, Task: 5, AL cycle: 4 / 7
Acc_vector: [37.85 27.43 29.25 10.54 59.48 31.94], Mean: 32.74833333333333 
Run: 2, Task: 5, AL cycle: 5 / 7
Acc_vector: [37.41 27.73 29.1  10.54 58.9  31.64], Mean: 32.553333333333335 
Run: 2, Task: 5, AL cycle: 6 / 7
Acc_vector: [37.41 27.88 28.96 10.39 58.76 31.64], Mean: 32.50666666666667 
Run: 2, Task: 5, AL cycle: 7 / 7
Acc_vector: [37.41 27.88 28.81 10.08 58.61 31.49], Mean: 32.38 

 Finish Run 2: total 553.8224442005157 sec

 ######## Run 3, cls_order :[14, 3, 6, 10, 13, 5, 8, 12, 17, 1, 0, 15, 16, 2, 4, 9, 7, 11] ########
Create exp stream : 6 tasks,  classes order [8, 12, 17, 1, 0, 15, 16, 2, 4, 9, 7, 11] 
Input shape (L, D): (200, 3)
Training set size: 10875; Val set size: 1213; Test set size: 4030
buffer has 600 slots
ER mode: task, NCM classifier: False
AL strategy: RandomIter
Batch size: 600
Task 0: contains 1839 train samples
Task 0: contains 205 val samples
Task 0: contains 682 test samples
Task 1: contains 1817 train samples
Task 1: contains 203 val samples
Task 1: contains 674 test samples
Task 2: contains 1840 train samples
Task 2: contains 205 val samples
Task 2: contains 681 test samples
Task 3: contains 1783 train samples
Task 3: contains 199 val samples
Task 3: contains 660 test samples
Task 4: contains 1769 train samples
Task 4: contains 197 val samples
Task 4: contains 655 test samples
Task 5: contains 1827 train samples
Task 5: contains 204 val samples
Task 5: contains 678 test samples
# Number of samples in the AL cycle: 91
Run: 3, Task: 0, AL cycle: 1 / 7
Acc_vector: [94.28  0.    0.    0.    0.    0.  ], Mean: 94.28 
Run: 3, Task: 0, AL cycle: 2 / 7
Acc_vector: [91.5  0.   0.   0.   0.   0. ], Mean: 91.5 
Run: 3, Task: 0, AL cycle: 3 / 7
Acc_vector: [89.  0.  0.  0.  0.  0.], Mean: 89.0 
Run: 3, Task: 0, AL cycle: 4 / 7
Acc_vector: [86.22  0.    0.    0.    0.    0.  ], Mean: 86.22 
Run: 3, Task: 0, AL cycle: 5 / 7
Acc_vector: [84.46  0.    0.    0.    0.    0.  ], Mean: 84.46 
Run: 3, Task: 0, AL cycle: 6 / 7
Acc_vector: [83.14  0.    0.    0.    0.    0.  ], Mean: 83.14 
Run: 3, Task: 0, AL cycle: 7 / 7
Acc_vector: [81.82  0.    0.    0.    0.    0.  ], Mean: 81.82 
# Number of samples in the AL cycle: 90
Run: 3, Task: 1, AL cycle: 1 / 7
Acc_vector: [33.28 88.43  0.    0.    0.    0.  ], Mean: 60.855000000000004 
Run: 3, Task: 1, AL cycle: 2 / 7
Acc_vector: [31.96 87.69  0.    0.    0.    0.  ], Mean: 59.825 
Run: 3, Task: 1, AL cycle: 3 / 7
Acc_vector: [31.67 86.94  0.    0.    0.    0.  ], Mean: 59.305 
Run: 3, Task: 1, AL cycle: 4 / 7
Acc_vector: [30.79 87.24  0.    0.    0.    0.  ], Mean: 59.015 
Run: 3, Task: 1, AL cycle: 5 / 7
Acc_vector: [30.65 87.09  0.    0.    0.    0.  ], Mean: 58.870000000000005 
Run: 3, Task: 1, AL cycle: 6 / 7
Acc_vector: [30.5  87.09  0.    0.    0.    0.  ], Mean: 58.795 
Run: 3, Task: 1, AL cycle: 7 / 7
Acc_vector: [30.5 86.8  0.   0.   0.   0. ], Mean: 58.65 
# Number of samples in the AL cycle: 92
Run: 3, Task: 2, AL cycle: 1 / 7
Acc_vector: [41.5  79.67 52.72  0.    0.    0.  ], Mean: 57.96333333333333 
Run: 3, Task: 2, AL cycle: 2 / 7
Acc_vector: [23.46 53.71 73.86  0.    0.    0.  ], Mean: 50.343333333333334 
Run: 3, Task: 2, AL cycle: 3 / 7
Acc_vector: [23.9  54.45 73.27  0.    0.    0.  ], Mean: 50.54 
Run: 3, Task: 2, AL cycle: 4 / 7
Acc_vector: [24.19 55.19 72.25  0.    0.    0.  ], Mean: 50.54333333333333 
Run: 3, Task: 2, AL cycle: 5 / 7
Acc_vector: [24.05 55.64 70.78  0.    0.    0.  ], Mean: 50.156666666666666 
Run: 3, Task: 2, AL cycle: 6 / 7
Acc_vector: [24.05 56.23 70.63  0.    0.    0.  ], Mean: 50.303333333333335 
Run: 3, Task: 2, AL cycle: 7 / 7
Acc_vector: [24.34 56.68 69.75  0.    0.    0.  ], Mean: 50.25666666666666 
# Number of samples in the AL cycle: 89
Run: 3, Task: 3, AL cycle: 1 / 7
Acc_vector: [36.36 68.69 48.75 54.24  0.    0.  ], Mean: 52.010000000000005 
Run: 3, Task: 3, AL cycle: 2 / 7
Acc_vector: [36.95 55.64 30.4  70.3   0.    0.  ], Mean: 48.322500000000005 
Run: 3, Task: 3, AL cycle: 3 / 7
Acc_vector: [37.1  55.19 30.84 70.15  0.    0.  ], Mean: 48.32 
Run: 3, Task: 3, AL cycle: 4 / 7
Acc_vector: [37.1  54.9  30.54 69.85  0.    0.  ], Mean: 48.0975 
Run: 3, Task: 3, AL cycle: 5 / 7
Acc_vector: [37.1  54.9  30.69 69.85  0.    0.  ], Mean: 48.135 
Run: 3, Task: 3, AL cycle: 6 / 7
Acc_vector: [37.24 54.75 30.98 69.85  0.    0.  ], Mean: 48.205 
Run: 3, Task: 3, AL cycle: 7 / 7
Acc_vector: [37.39 54.9  33.77 69.85  0.    0.  ], Mean: 48.9775 
# Number of samples in the AL cycle: 88
Run: 3, Task: 4, AL cycle: 1 / 7
Acc_vector: [43.99 61.13 50.66 45.15 30.53  0.  ], Mean: 46.292 
Run: 3, Task: 4, AL cycle: 2 / 7
Acc_vector: [36.8  46.59 43.32 49.39 57.56  0.  ], Mean: 46.732000000000006 
Run: 3, Task: 4, AL cycle: 3 / 7
Acc_vector: [38.86 52.67 44.93 51.82 56.03  0.  ], Mean: 48.862 
Run: 3, Task: 4, AL cycle: 4 / 7
Acc_vector: [39.15 52.97 44.93 52.12 54.66  0.  ], Mean: 48.766000000000005 
Run: 3, Task: 4, AL cycle: 5 / 7
Acc_vector: [39.44 52.82 44.93 52.12 54.05  0.  ], Mean: 48.672000000000004 
Run: 3, Task: 4, AL cycle: 6 / 7
Acc_vector: [39.   54.9  48.02 54.55 65.65  0.  ], Mean: 52.424 
Run: 3, Task: 4, AL cycle: 7 / 7
Acc_vector: [39.   55.49 47.72 54.7  65.04  0.  ], Mean: 52.39000000000001 
# Number of samples in the AL cycle: 91
Run: 3, Task: 5, AL cycle: 1 / 7
Acc_vector: [44.28 65.88 45.81 48.33 41.53 30.97], Mean: 46.13333333333333 
Run: 3, Task: 5, AL cycle: 2 / 7
Acc_vector: [43.4  56.53 43.61 42.88 41.37 42.33], Mean: 45.02 
Run: 3, Task: 5, AL cycle: 3 / 7
Acc_vector: [39.44 50.3  43.91 41.21 33.89 48.08], Mean: 42.805 
Run: 3, Task: 5, AL cycle: 4 / 7
Acc_vector: [37.83 61.72 44.79 42.58 41.68 42.18], Mean: 45.13 
Run: 3, Task: 5, AL cycle: 5 / 7
Acc_vector: [37.83 61.72 45.52 42.88 41.98 42.04], Mean: 45.328333333333326 
Run: 3, Task: 5, AL cycle: 6 / 7
Acc_vector: [37.68 62.02 45.23 42.73 41.83 42.48], Mean: 45.32833333333334 
Run: 3, Task: 5, AL cycle: 7 / 7
Acc_vector: [37.24 61.87 45.23 42.58 41.83 42.48], Mean: 45.205000000000005 

 Finish Run 3: total 625.0512745380402 sec

 ######## Run 4, cls_order :[10, 6, 12, 9, 15, 0, 17, 5, 1, 7, 11, 8, 16, 3, 2, 13, 14, 4] ########
Create exp stream : 6 tasks,  classes order [17, 5, 1, 7, 11, 8, 16, 3, 2, 13, 14, 4] 
Input shape (L, D): (200, 3)
Training set size: 10831; Val set size: 1208; Test set size: 4014
buffer has 600 slots
ER mode: task, NCM classifier: False
AL strategy: RandomIter
Batch size: 600
Task 0: contains 1742 train samples
Task 0: contains 195 val samples
Task 0: contains 646 test samples
Task 1: contains 1836 train samples
Task 1: contains 205 val samples
Task 1: contains 681 test samples
Task 2: contains 1796 train samples
Task 2: contains 200 val samples
Task 2: contains 666 test samples
Task 3: contains 1812 train samples
Task 3: contains 202 val samples
Task 3: contains 672 test samples
Task 4: contains 1798 train samples
Task 4: contains 200 val samples
Task 4: contains 665 test samples
Task 5: contains 1847 train samples
Task 5: contains 206 val samples
Task 5: contains 684 test samples
# Number of samples in the AL cycle: 87
Run: 4, Task: 0, AL cycle: 1 / 7
Acc_vector: [80.03  0.    0.    0.    0.    0.  ], Mean: 80.03 
Run: 4, Task: 0, AL cycle: 2 / 7
Acc_vector: [80.5  0.   0.   0.   0.   0. ], Mean: 80.5 
Run: 4, Task: 0, AL cycle: 3 / 7
Acc_vector: [79.72  0.    0.    0.    0.    0.  ], Mean: 79.72 
Run: 4, Task: 0, AL cycle: 4 / 7
Acc_vector: [74.92  0.    0.    0.    0.    0.  ], Mean: 74.92 
Run: 4, Task: 0, AL cycle: 5 / 7
Acc_vector: [75.39  0.    0.    0.    0.    0.  ], Mean: 75.39 
Run: 4, Task: 0, AL cycle: 6 / 7
Acc_vector: [76.16  0.    0.    0.    0.    0.  ], Mean: 76.16 
Run: 4, Task: 0, AL cycle: 7 / 7
Acc_vector: [76.47  0.    0.    0.    0.    0.  ], Mean: 76.47 
# Number of samples in the AL cycle: 91
Run: 4, Task: 1, AL cycle: 1 / 7
Acc_vector: [52.48 82.67  0.    0.    0.    0.  ], Mean: 67.575 
Run: 4, Task: 1, AL cycle: 2 / 7
Acc_vector: [39.01 87.52  0.    0.    0.    0.  ], Mean: 63.265 
Run: 4, Task: 1, AL cycle: 3 / 7
Acc_vector: [38.7  87.37  0.    0.    0.    0.  ], Mean: 63.035000000000004 
Run: 4, Task: 1, AL cycle: 4 / 7
Acc_vector: [36.07 87.22  0.    0.    0.    0.  ], Mean: 61.644999999999996 

 ######## Run 0, cls_order :[11, 3, 17, 10, 13, 14, 0, 2, 16, 7, 1, 9, 8, 4, 12, 5, 6, 15] ########
Create exp stream : 6 tasks,  classes order [0, 2, 16, 7, 1, 9, 8, 4, 12, 5, 6, 15] 
Input shape (L, D): (200, 3)
Training set size: 10825; Val set size: 1207; Test set size: 4010
buffer has 600 slots
ER mode: task, NCM classifier: False
AL strategy: TypiClust
Batch size: 600
Task 0: contains 1824 train samples
Task 0: contains 203 val samples
Task 0: contains 675 test samples
Task 1: contains 1833 train samples
Task 1: contains 205 val samples
Task 1: contains 680 test samples
Task 2: contains 1766 train samples
Task 2: contains 197 val samples
Task 2: contains 654 test samples
Task 3: contains 1808 train samples
Task 3: contains 201 val samples
Task 3: contains 670 test samples
Task 4: contains 1789 train samples
Task 4: contains 200 val samples
Task 4: contains 663 test samples
Task 5: contains 1805 train samples
Task 5: contains 201 val samples
Task 5: contains 668 test samples
Number of samples in current task: 1824
# Number of samples in the AL cycle: 91
Step 1: Representation Learning
Run: 0, Task: 0, AL cycle: 1 / 7
Acc_vector: [58.22  0.    0.    0.    0.    0.  ], Mean: 58.22 
task_columns: ['task_1', 'task_2', 'task_3', 'task_4', 'task_5', 'task_6']
Run: 0, Task: 0, AL cycle: 2 / 7
Step 2: Clustering for Diversity
Step 3: Querying Typical Examples
Acc_vector: [64.  0.  0.  0.  0.  0.], Mean: 64.0 
Run: 0, Task: 0, AL cycle: 3 / 7
Step 2: Clustering for Diversity
Step 3: Querying Typical Examples
Acc_vector: [78.07  0.    0.    0.    0.    0.  ], Mean: 78.07 
Run: 0, Task: 0, AL cycle: 4 / 7
Step 2: Clustering for Diversity
Step 3: Querying Typical Examples
Acc_vector: [77.04  0.    0.    0.    0.    0.  ], Mean: 77.04 
Run: 0, Task: 0, AL cycle: 5 / 7
Step 2: Clustering for Diversity
Step 3: Querying Typical Examples
Acc_vector: [77.33  0.    0.    0.    0.    0.  ], Mean: 77.33 
Run: 0, Task: 0, AL cycle: 6 / 7
Step 2: Clustering for Diversity
Step 3: Querying Typical Examples
Acc_vector: [77.93  0.    0.    0.    0.    0.  ], Mean: 77.93 
Run: 0, Task: 0, AL cycle: 7 / 7
Step 2: Clustering for Diversity
Step 3: Querying Typical Examples
Acc_vector: [81.78  0.    0.    0.    0.    0.  ], Mean: 81.78 
Number of samples in current task: 1833
# Number of samples in the AL cycle: 91
Step 1: Representation Learning
Run: 0, Task: 1, AL cycle: 1 / 7
Acc_vector: [57.63 55.44  0.    0.    0.    0.  ], Mean: 56.535 
Run: 0, Task: 1, AL cycle: 2 / 7
Step 2: Clustering for Diversity
Step 3: Querying Typical Examples
Acc_vector: [57.19 67.94  0.    0.    0.    0.  ], Mean: 62.565 
Run: 0, Task: 1, AL cycle: 3 / 7
Step 2: Clustering for Diversity
Step 3: Querying Typical Examples
Acc_vector: [56.74 67.5   0.    0.    0.    0.  ], Mean: 62.120000000000005 
Run: 0, Task: 1, AL cycle: 4 / 7
Step 2: Clustering for Diversity
Step 3: Querying Typical Examples
Acc_vector: [56.44 66.32  0.    0.    0.    0.  ], Mean: 61.379999999999995 
Run: 0, Task: 1, AL cycle: 5 / 7
Step 2: Clustering for Diversity
Step 3: Querying Typical Examples
Acc_vector: [56.   66.76  0.    0.    0.    0.  ], Mean: 61.38 
Run: 0, Task: 1, AL cycle: 6 / 7
Step 2: Clustering for Diversity
Step 3: Querying Typical Examples
Acc_vector: [55.7  66.76  0.    0.    0.    0.  ], Mean: 61.230000000000004 
Run: 0, Task: 1, AL cycle: 7 / 7
Step 2: Clustering for Diversity
Step 3: Querying Typical Examples
Acc_vector: [55.7  66.62  0.    0.    0.    0.  ], Mean: 61.160000000000004 
Number of samples in current task: 1766
# Number of samples in the AL cycle: 88
Step 1: Representation Learning
Run: 0, Task: 2, AL cycle: 1 / 7
Acc_vector: [60.3  50.29 60.55  0.    0.    0.  ], Mean: 57.04666666666666 
Run: 0, Task: 2, AL cycle: 2 / 7
Step 2: Clustering for Diversity
Step 3: Querying Typical Examples
Acc_vector: [68.15 43.38 86.54  0.    0.    0.  ], Mean: 66.02333333333333 
Run: 0, Task: 2, AL cycle: 3 / 7
Step 2: Clustering for Diversity
Step 3: Querying Typical Examples
Acc_vector: [69.63 39.85 87.61  0.    0.    0.  ], Mean: 65.69666666666666 
Run: 0, Task: 2, AL cycle: 4 / 7
Step 2: Clustering for Diversity
Step 3: Querying Typical Examples
Acc_vector: [69.48 40.   87.46  0.    0.    0.  ], Mean: 65.64666666666666 
Run: 0, Task: 2, AL cycle: 5 / 7
Step 2: Clustering for Diversity
Step 3: Querying Typical Examples
Acc_vector: [69.48 40.   87.46  0.    0.    0.  ], Mean: 65.64666666666666 
Run: 0, Task: 2, AL cycle: 6 / 7
Step 2: Clustering for Diversity
Step 3: Querying Typical Examples
Acc_vector: [68.74 42.79 90.83  0.    0.    0.  ], Mean: 67.45333333333333 
Run: 0, Task: 2, AL cycle: 7 / 7
Step 2: Clustering for Diversity
Step 3: Querying Typical Examples
Acc_vector: [68.74 42.35 90.67  0.    0.    0.  ], Mean: 67.25333333333333 
Number of samples in current task: 1808
# Number of samples in the AL cycle: 90
Step 1: Representation Learning
Run: 0, Task: 3, AL cycle: 1 / 7
Acc_vector: [71.56 46.62 72.32 42.54  0.    0.  ], Mean: 58.26 
Run: 0, Task: 3, AL cycle: 2 / 7
Step 2: Clustering for Diversity
Step 3: Querying Typical Examples
Acc_vector: [73.04 39.56 62.08 59.1   0.    0.  ], Mean: 58.445 
Run: 0, Task: 3, AL cycle: 3 / 7
Step 2: Clustering for Diversity
Step 3: Querying Typical Examples
Acc_vector: [73.04 40.59 61.93 59.1   0.    0.  ], Mean: 58.665 
Run: 0, Task: 3, AL cycle: 4 / 7
Step 2: Clustering for Diversity
Step 3: Querying Typical Examples
Acc_vector: [73.04 41.03 61.77 59.1   0.    0.  ], Mean: 58.735 
Run: 0, Task: 3, AL cycle: 5 / 7
Step 2: Clustering for Diversity
Step 3: Querying Typical Examples
Acc_vector: [73.04 40.88 61.77 59.4   0.    0.  ], Mean: 58.77250000000001 
Run: 0, Task: 3, AL cycle: 6 / 7
Step 2: Clustering for Diversity
Step 3: Querying Typical Examples
Acc_vector: [73.33 41.32 61.93 59.1   0.    0.  ], Mean: 58.92 
Run: 0, Task: 3, AL cycle: 7 / 7
Step 2: Clustering for Diversity
Step 3: Querying Typical Examples
Acc_vector: [73.33 41.18 61.77 58.81  0.    0.  ], Mean: 58.7725 
Number of samples in current task: 1789
# Number of samples in the AL cycle: 89
Step 1: Representation Learning
Run: 0, Task: 4, AL cycle: 1 / 7
Acc_vector: [68.44 35.59 68.96 29.4  44.04  0.  ], Mean: 49.286 
Run: 0, Task: 4, AL cycle: 2 / 7
Step 2: Clustering for Diversity
Step 3: Querying Typical Examples
Acc_vector: [68.44 34.85 69.27 28.06 49.02  0.  ], Mean: 49.928000000000004 
Run: 0, Task: 4, AL cycle: 3 / 7
Step 2: Clustering for Diversity
Step 3: Querying Typical Examples
Acc_vector: [68.59 34.56 68.65 28.21 48.87  0.  ], Mean: 49.776 
Run: 0, Task: 4, AL cycle: 4 / 7
Step 2: Clustering for Diversity
Step 3: Querying Typical Examples
Acc_vector: [68.59 34.71 68.65 28.51 49.02  0.  ], Mean: 49.896 
Run: 0, Task: 4, AL cycle: 5 / 7
Step 2: Clustering for Diversity
Step 3: Querying Typical Examples
Acc_vector: [68.59 34.71 68.35 28.81 48.87  0.  ], Mean: 49.866 
Run: 0, Task: 4, AL cycle: 6 / 7
Step 2: Clustering for Diversity
Step 3: Querying Typical Examples
Acc_vector: [68.59 34.41 68.04 29.1  48.72  0.  ], Mean: 49.772000000000006 
Run: 0, Task: 4, AL cycle: 7 / 7
Step 2: Clustering for Diversity
Step 3: Querying Typical Examples
Acc_vector: [68.89 33.68 67.89 29.4  48.57  0.  ], Mean: 49.68599999999999 
Number of samples in current task: 1805
# Number of samples in the AL cycle: 90
Step 1: Representation Learning
Run: 0, Task: 5, AL cycle: 1 / 7
Acc_vector: [74.07 28.24 66.36 34.48 42.53 19.46], Mean: 44.19 
Run: 0, Task: 5, AL cycle: 2 / 7
Step 2: Clustering for Diversity
Step 3: Querying Typical Examples
Acc_vector: [74.52 16.03 56.88 18.06 35.14 52.1 ], Mean: 42.12166666666666 
Run: 0, Task: 5, AL cycle: 3 / 7
Step 2: Clustering for Diversity
Step 3: Querying Typical Examples
Acc_vector: [73.19 15.   53.52 13.13 37.71 53.74], Mean: 41.04833333333334 
Run: 0, Task: 5, AL cycle: 4 / 7
Step 2: Clustering for Diversity
Step 3: Querying Typical Examples
Acc_vector: [73.19 14.85 53.36 12.84 37.71 53.44], Mean: 40.89833333333333 
Run: 0, Task: 5, AL cycle: 5 / 7
Step 2: Clustering for Diversity
Step 3: Querying Typical Examples
Acc_vector: [73.04 14.71 53.36 12.39 37.41 53.44], Mean: 40.725 
Run: 0, Task: 5, AL cycle: 6 / 7
Step 2: Clustering for Diversity
Step 3: Querying Typical Examples
Acc_vector: [73.04 14.41 53.36 12.54 36.95 53.44], Mean: 40.623333333333335 
Run: 0, Task: 5, AL cycle: 7 / 7
Step 2: Clustering for Diversity
Step 3: Querying Typical Examples
Acc_vector: [73.19 13.53 53.36 12.69 36.95 52.99], Mean: 40.45166666666666 

 Finish Run 0: total 650.9416921138763 sec

 ######## Run 1, cls_order :[1, 13, 12, 5, 4, 17, 15, 10, 0, 8, 9, 6, 14, 7, 3, 16, 2, 11] ########
Create exp stream : 6 tasks,  classes order [15, 10, 0, 8, 9, 6, 14, 7, 3, 16, 2, 11] 
Input shape (L, D): (200, 3)
Training set size: 10909; Val set size: 1216; Test set size: 4042
buffer has 600 slots
ER mode: task, NCM classifier: False
AL strategy: TypiClust
Batch size: 600
Task 0: contains 1858 train samples
Task 0: contains 207 val samples
Task 0: contains 688 test samples
Task 1: contains 1843 train samples
Task 1: contains 205 val samples
Task 1: contains 683 test samples
Task 2: contains 1769 train samples
Task 2: contains 197 val samples
Task 2: contains 655 test samples
Task 3: contains 1850 train samples
Task 3: contains 207 val samples
Task 3: contains 686 test samples
Task 4: contains 1812 train samples
Task 4: contains 202 val samples
Task 4: contains 672 test samples
Task 5: contains 1777 train samples
Task 5: contains 198 val samples
Task 5: contains 658 test samples
Number of samples in current task: 1858
# Number of samples in the AL cycle: 92
Step 1: Representation Learning
Run: 1, Task: 0, AL cycle: 1 / 7
Acc_vector: [66.72  0.    0.    0.    0.    0.  ], Mean: 66.72 
Run: 1, Task: 0, AL cycle: 2 / 7
Step 2: Clustering for Diversity
Step 3: Querying Typical Examples
Acc_vector: [67.3  0.   0.   0.   0.   0. ], Mean: 67.3 
Run: 1, Task: 0, AL cycle: 3 / 7
Step 2: Clustering for Diversity
Step 3: Querying Typical Examples
Acc_vector: [67.59  0.    0.    0.    0.    0.  ], Mean: 67.59 
Run: 1, Task: 0, AL cycle: 4 / 7
Step 2: Clustering for Diversity
Step 3: Querying Typical Examples
Acc_vector: [68.31  0.    0.    0.    0.    0.  ], Mean: 68.31 
Run: 1, Task: 0, AL cycle: 5 / 7
Step 2: Clustering for Diversity
Step 3: Querying Typical Examples
Acc_vector: [72.09  0.    0.    0.    0.    0.  ], Mean: 72.09 
Run: 1, Task: 0, AL cycle: 6 / 7
Step 2: Clustering for Diversity
Step 3: Querying Typical Examples
Acc_vector: [73.11  0.    0.    0.    0.    0.  ], Mean: 73.11 
Run: 1, Task: 0, AL cycle: 7 / 7
Step 2: Clustering for Diversity
Step 3: Querying Typical Examples
Acc_vector: [73.55  0.    0.    0.    0.    0.  ], Mean: 73.55 
Number of samples in current task: 1843
# Number of samples in the AL cycle: 92
Step 1: Representation Learning
Run: 1, Task: 1, AL cycle: 1 / 7
Acc_vector: [59.16 56.37  0.    0.    0.    0.  ], Mean: 57.765 
Run: 1, Task: 1, AL cycle: 2 / 7
Step 2: Clustering for Diversity
Step 3: Querying Typical Examples
Acc_vector: [32.56 75.84  0.    0.    0.    0.  ], Mean: 54.2 
Run: 1, Task: 1, AL cycle: 3 / 7
Step 2: Clustering for Diversity
Step 3: Querying Typical Examples
Acc_vector: [29.94 77.6   0.    0.    0.    0.  ], Mean: 53.769999999999996 
Run: 1, Task: 1, AL cycle: 4 / 7
Step 2: Clustering for Diversity
Step 3: Querying Typical Examples
Acc_vector: [28.92 78.04  0.    0.    0.    0.  ], Mean: 53.480000000000004 
Run: 1, Task: 1, AL cycle: 5 / 7
Step 2: Clustering for Diversity
Step 3: Querying Typical Examples
Acc_vector: [27.76 78.77  0.    0.    0.    0.  ], Mean: 53.265 
Run: 1, Task: 1, AL cycle: 6 / 7
Step 2: Clustering for Diversity
Step 3: Querying Typical Examples
Acc_vector: [27.47 79.8   0.    0.    0.    0.  ], Mean: 53.635 
Run: 1, Task: 1, AL cycle: 7 / 7
Step 2: Clustering for Diversity
Step 3: Querying Typical Examples
Acc_vector: [26.89 79.5   0.    0.    0.    0.  ], Mean: 53.195 
Number of samples in current task: 1769
# Number of samples in the AL cycle: 88
Step 1: Representation Learning
Run: 1, Task: 2, AL cycle: 1 / 7
Acc_vector: [58.43 43.63  7.33  0.    0.    0.  ], Mean: 36.46333333333333 
Run: 1, Task: 2, AL cycle: 2 / 7
Step 2: Clustering for Diversity
Step 3: Querying Typical Examples
Acc_vector: [54.65 49.63 12.37  0.    0.    0.  ], Mean: 38.88333333333333 
Run: 1, Task: 2, AL cycle: 3 / 7
Step 2: Clustering for Diversity
Step 3: Querying Typical Examples
Acc_vector: [48.69 50.07 15.73  0.    0.    0.  ], Mean: 38.163333333333334 
Run: 1, Task: 2, AL cycle: 4 / 7
Step 2: Clustering for Diversity
Step 3: Querying Typical Examples
Acc_vector: [47.53 50.22 16.03  0.    0.    0.  ], Mean: 37.92666666666667 
Run: 1, Task: 2, AL cycle: 5 / 7
Step 2: Clustering for Diversity
Step 3: Querying Typical Examples
Acc_vector: [47.24 50.66 16.18  0.    0.    0.  ], Mean: 38.02666666666667 
Run: 1, Task: 2, AL cycle: 6 / 7
Step 2: Clustering for Diversity
Step 3: Querying Typical Examples
Acc_vector: [47.53 50.66 15.73  0.    0.    0.  ], Mean: 37.973333333333336 
Run: 1, Task: 2, AL cycle: 7 / 7
Step 2: Clustering for Diversity
Step 3: Querying Typical Examples
Acc_vector: [46.66 51.83 16.64  0.    0.    0.  ], Mean: 38.376666666666665 
Number of samples in current task: 1850
# Number of samples in the AL cycle: 92
Step 1: Representation Learning
Run: 1, Task: 3, AL cycle: 1 / 7
Acc_vector: [43.9  22.11  6.56 22.45  0.    0.  ], Mean: 23.755 
Run: 1, Task: 3, AL cycle: 2 / 7
Step 2: Clustering for Diversity
Step 3: Querying Typical Examples
Acc_vector: [31.54 47.    4.73 32.8   0.    0.  ], Mean: 29.0175 
Run: 1, Task: 3, AL cycle: 3 / 7
Step 2: Clustering for Diversity
Step 3: Querying Typical Examples
Acc_vector: [31.54 47.58  3.82 32.65  0.    0.  ], Mean: 28.8975 
Run: 1, Task: 3, AL cycle: 4 / 7
Step 2: Clustering for Diversity
Step 3: Querying Typical Examples
Acc_vector: [30.96 47.14  3.66 32.8   0.    0.  ], Mean: 28.639999999999997 
Run: 1, Task: 3, AL cycle: 5 / 7
Step 2: Clustering for Diversity
Step 3: Querying Typical Examples
Acc_vector: [31.4  47.58  3.05 32.8   0.    0.  ], Mean: 28.707499999999996 
Run: 1, Task: 3, AL cycle: 6 / 7
Step 2: Clustering for Diversity
Step 3: Querying Typical Examples
Acc_vector: [31.54 47.58  2.6  32.51  0.    0.  ], Mean: 28.557499999999997 
Run: 1, Task: 3, AL cycle: 7 / 7
Step 2: Clustering for Diversity
Step 3: Querying Typical Examples
Acc_vector: [30.67 47.44  2.44 32.51  0.    0.  ], Mean: 28.265 
Number of samples in current task: 1812
# Number of samples in the AL cycle: 90
Step 1: Representation Learning
Run: 1, Task: 4, AL cycle: 1 / 7
Acc_vector: [34.74 57.25  3.66 11.66  2.38  0.  ], Mean: 21.938 
Run: 1, Task: 4, AL cycle: 2 / 7
Step 2: Clustering for Diversity
Step 3: Querying Typical Examples
Acc_vector: [29.22 62.81  4.58 15.74  6.99  0.  ], Mean: 23.868 
Run: 1, Task: 4, AL cycle: 3 / 7
Step 2: Clustering for Diversity
Step 3: Querying Typical Examples
Acc_vector: [30.67 66.62  3.21 13.85  9.08  0.  ], Mean: 24.686 
Run: 1, Task: 4, AL cycle: 4 / 7
Step 2: Clustering for Diversity
Step 3: Querying Typical Examples
Acc_vector: [20.35 68.08 10.69 18.37 15.33  0.  ], Mean: 26.564000000000004 
Run: 1, Task: 4, AL cycle: 5 / 7
Step 2: Clustering for Diversity
Step 3: Querying Typical Examples
Acc_vector: [20.78 67.35 10.53 18.22 15.03  0.  ], Mean: 26.381999999999998 
Run: 1, Task: 4, AL cycle: 6 / 7
Step 2: Clustering for Diversity
Step 3: Querying Typical Examples
Acc_vector: [21.08 67.2  10.53 17.78 14.43  0.  ], Mean: 26.204 
Run: 1, Task: 4, AL cycle: 7 / 7
Step 2: Clustering for Diversity
Step 3: Querying Typical Examples
Acc_vector: [14.24 61.64 15.27 23.03 30.36  0.  ], Mean: 28.907999999999998 
Number of samples in current task: 1777
# Number of samples in the AL cycle: 88
Step 1: Representation Learning
Run: 1, Task: 5, AL cycle: 1 / 7
Acc_vector: [17.88 22.11 13.74 18.95 21.88 44.68], Mean: 23.206666666666663 
Run: 1, Task: 5, AL cycle: 2 / 7
Step 2: Clustering for Diversity
Step 3: Querying Typical Examples
Acc_vector: [21.8  19.62 12.82 18.08  8.18 52.43], Mean: 22.155 
Run: 1, Task: 5, AL cycle: 3 / 7
Step 2: Clustering for Diversity
Step 3: Querying Typical Examples
Acc_vector: [20.93 19.33 10.99 17.2   8.18 52.74], Mean: 21.561666666666667 
Run: 1, Task: 5, AL cycle: 4 / 7
Step 2: Clustering for Diversity
Step 3: Querying Typical Examples
Acc_vector: [21.08 19.47 10.69 17.2   8.18 52.74], Mean: 21.560000000000002 
Run: 1, Task: 5, AL cycle: 5 / 7
Step 2: Clustering for Diversity
Step 3: Querying Typical Examples
Acc_vector: [20.2  18.45 10.23 18.22  8.18 53.5 ], Mean: 21.463333333333335 
Run: 1, Task: 5, AL cycle: 6 / 7
Step 2: Clustering for Diversity
Step 3: Querying Typical Examples
Acc_vector: [20.35 18.45 10.23 18.22  8.04 53.34], Mean: 21.438333333333333 
Run: 1, Task: 5, AL cycle: 7 / 7
Step 2: Clustering for Diversity
Step 3: Querying Typical Examples
Acc_vector: [20.35 18.16 10.23 18.08  8.04 53.34], Mean: 21.36666666666667 

 Finish Run 1: total 556.2763383388519 sec

 ######## Run 2, cls_order :[5, 0, 2, 10, 13, 6, 17, 14, 16, 4, 7, 15, 8, 9, 12, 1, 11, 3] ########
Create exp stream : 6 tasks,  classes order [17, 14, 16, 4, 7, 15, 8, 9, 12, 1, 11, 3] 
Input shape (L, D): (200, 3)
Training set size: 10880; Val set size: 1214; Test set size: 4033
buffer has 600 slots
ER mode: task, NCM classifier: False
AL strategy: TypiClust
Batch size: 600
Task 0: contains 1831 train samples
Task 0: contains 205 val samples
Task 0: contains 679 test samples
Task 1: contains 1830 train samples
Task 1: contains 204 val samples
Task 1: contains 678 test samples
Task 2: contains 1808 train samples
Task 2: contains 202 val samples
Task 2: contains 670 test samples
Task 3: contains 1741 train samples
Task 3: contains 194 val samples
Task 3: contains 645 test samples
Task 4: contains 1864 train samples
Task 4: contains 208 val samples
Task 4: contains 691 test samples
Task 5: contains 1806 train samples
Task 5: contains 201 val samples
Task 5: contains 670 test samples
Number of samples in current task: 1831
# Number of samples in the AL cycle: 91
Step 1: Representation Learning
Run: 2, Task: 0, AL cycle: 1 / 7
Acc_vector: [62.44  0.    0.    0.    0.    0.  ], Mean: 62.44 
Run: 2, Task: 0, AL cycle: 2 / 7
Step 2: Clustering for Diversity
Step 3: Querying Typical Examples
Acc_vector: [59.65  0.    0.    0.    0.    0.  ], Mean: 59.65 
Run: 2, Task: 0, AL cycle: 3 / 7
Step 2: Clustering for Diversity
Step 3: Querying Typical Examples
Acc_vector: [59.65  0.    0.    0.    0.    0.  ], Mean: 59.65 
Run: 2, Task: 0, AL cycle: 4 / 7
Step 2: Clustering for Diversity
Step 3: Querying Typical Examples
Acc_vector: [59.2  0.   0.   0.   0.   0. ], Mean: 59.2 
Run: 2, Task: 0, AL cycle: 5 / 7
Step 2: Clustering for Diversity
Step 3: Querying Typical Examples
Acc_vector: [71.43  0.    0.    0.    0.    0.  ], Mean: 71.43 
Run: 2, Task: 0, AL cycle: 6 / 7
Step 2: Clustering for Diversity
Step 3: Querying Typical Examples
Acc_vector: [70.99  0.    0.    0.    0.    0.  ], Mean: 70.99 
Run: 2, Task: 0, AL cycle: 7 / 7
Step 2: Clustering for Diversity
Step 3: Querying Typical Examples
Acc_vector: [70.25  0.    0.    0.    0.    0.  ], Mean: 70.25 
Number of samples in current task: 1830
# Number of samples in the AL cycle: 91
Step 1: Representation Learning
Run: 2, Task: 1, AL cycle: 1 / 7
Acc_vector: [19.29 67.55  0.    0.    0.    0.  ], Mean: 43.42 
Run: 2, Task: 1, AL cycle: 2 / 7
Step 2: Clustering for Diversity
Step 3: Querying Typical Examples
Acc_vector: [18.56 68.88  0.    0.    0.    0.  ], Mean: 43.72 
Run: 2, Task: 1, AL cycle: 3 / 7
Step 2: Clustering for Diversity
Step 3: Querying Typical Examples
Acc_vector: [14.14 72.42  0.    0.    0.    0.  ], Mean: 43.28 
Run: 2, Task: 1, AL cycle: 4 / 7
Step 2: Clustering for Diversity
Step 3: Querying Typical Examples
Acc_vector: [ 8.98 78.91  0.    0.    0.    0.  ], Mean: 43.945 
Run: 2, Task: 1, AL cycle: 5 / 7
Step 2: Clustering for Diversity
Step 3: Querying Typical Examples
Acc_vector: [ 8.84 79.06  0.    0.    0.    0.  ], Mean: 43.95 
Run: 2, Task: 1, AL cycle: 6 / 7
Step 2: Clustering for Diversity
Step 3: Querying Typical Examples
Acc_vector: [ 8.84 79.2   0.    0.    0.    0.  ], Mean: 44.02 
Run: 2, Task: 1, AL cycle: 7 / 7
Step 2: Clustering for Diversity
Step 3: Querying Typical Examples
Acc_vector: [ 8.84 79.2   0.    0.    0.    0.  ], Mean: 44.02 
Number of samples in current task: 1808
# Number of samples in the AL cycle: 90
Step 1: Representation Learning
Run: 2, Task: 2, AL cycle: 1 / 7
Acc_vector: [ 8.84 49.41 47.31  0.    0.    0.  ], Mean: 35.18666666666667 
Run: 2, Task: 2, AL cycle: 2 / 7
Step 2: Clustering for Diversity
Step 3: Querying Typical Examples
Acc_vector: [22.24 45.13 57.01  0.    0.    0.  ], Mean: 41.46 
Run: 2, Task: 2, AL cycle: 3 / 7
Step 2: Clustering for Diversity
Step 3: Querying Typical Examples
Acc_vector: [33.87 30.24 59.1   0.    0.    0.  ], Mean: 41.07 
Run: 2, Task: 2, AL cycle: 4 / 7
Step 2: Clustering for Diversity
Step 3: Querying Typical Examples
Acc_vector: [35.49 30.97 62.99  0.    0.    0.  ], Mean: 43.150000000000006 
Run: 2, Task: 2, AL cycle: 5 / 7
Step 2: Clustering for Diversity
Step 3: Querying Typical Examples
Acc_vector: [37.85 29.5  64.93  0.    0.    0.  ], Mean: 44.093333333333334 
Run: 2, Task: 2, AL cycle: 6 / 7
Step 2: Clustering for Diversity
Step 3: Querying Typical Examples
Acc_vector: [37.85 29.65 66.12  0.    0.    0.  ], Mean: 44.54 
Run: 2, Task: 2, AL cycle: 7 / 7
Step 2: Clustering for Diversity
Step 3: Querying Typical Examples
Acc_vector: [39.03 31.42 66.57  0.    0.    0.  ], Mean: 45.673333333333325 
Number of samples in current task: 1741
# Number of samples in the AL cycle: 87
Step 1: Representation Learning
Run: 2, Task: 3, AL cycle: 1 / 7
Acc_vector: [43.89 23.01 26.12 48.99  0.    0.  ], Mean: 35.502500000000005 
Run: 2, Task: 3, AL cycle: 2 / 7
Step 2: Clustering for Diversity
Step 3: Querying Typical Examples
Acc_vector: [42.86 21.83 26.57 51.94  0.    0.  ], Mean: 35.8 
Run: 2, Task: 3, AL cycle: 3 / 7
Step 2: Clustering for Diversity
Step 3: Querying Typical Examples
Acc_vector: [42.71 21.98 25.37 53.64  0.    0.  ], Mean: 35.925 
Run: 2, Task: 3, AL cycle: 4 / 7
Step 2: Clustering for Diversity
Step 3: Querying Typical Examples
Acc_vector: [45.36 23.16 29.1  54.73  0.    0.  ], Mean: 38.0875 
Run: 2, Task: 3, AL cycle: 5 / 7
Step 2: Clustering for Diversity
Step 3: Querying Typical Examples
Acc_vector: [45.36 22.86 29.4  54.57  0.    0.  ], Mean: 38.0475 
Run: 2, Task: 3, AL cycle: 6 / 7
Step 2: Clustering for Diversity
Step 3: Querying Typical Examples
Acc_vector: [45.07 23.01 29.55 54.57  0.    0.  ], Mean: 38.05 
Run: 2, Task: 3, AL cycle: 7 / 7
Step 2: Clustering for Diversity
Step 3: Querying Typical Examples
Acc_vector: [43.3  18.73 26.12 54.11  0.    0.  ], Mean: 35.565 
Number of samples in current task: 1864
# Number of samples in the AL cycle: 93
Step 1: Representation Learning
Run: 2, Task: 4, AL cycle: 1 / 7
Acc_vector: [58.03 26.84 18.21 43.41 63.24  0.  ], Mean: 41.946000000000005 
Run: 2, Task: 4, AL cycle: 2 / 7
Step 2: Clustering for Diversity
Step 3: Querying Typical Examples
Acc_vector: [50.07 15.49 19.85 32.56 69.61  0.  ], Mean: 37.516 
Run: 2, Task: 4, AL cycle: 3 / 7
Step 2: Clustering for Diversity
Step 3: Querying Typical Examples
Acc_vector: [51.69 17.55 19.1  33.8  69.46  0.  ], Mean: 38.32 
Run: 2, Task: 4, AL cycle: 4 / 7
Step 2: Clustering for Diversity
Step 3: Querying Typical Examples
Acc_vector: [51.99 17.26 19.1  33.95 69.46  0.  ], Mean: 38.352 
Run: 2, Task: 4, AL cycle: 5 / 7
Step 2: Clustering for Diversity
Step 3: Querying Typical Examples
Acc_vector: [52.28 17.26 19.4  34.57 69.46  0.  ], Mean: 38.593999999999994 
Run: 2, Task: 4, AL cycle: 6 / 7
Step 2: Clustering for Diversity
Step 3: Querying Typical Examples
Acc_vector: [52.28 17.7  20.   34.57 69.61  0.  ], Mean: 38.83200000000001 
Run: 2, Task: 4, AL cycle: 7 / 7
Step 2: Clustering for Diversity
Step 3: Querying Typical Examples
Acc_vector: [52.58 18.29 20.   34.57 69.9   0.  ], Mean: 39.068 
Number of samples in current task: 1806
# Number of samples in the AL cycle: 90
Step 1: Representation Learning
Run: 2, Task: 5, AL cycle: 1 / 7
Acc_vector: [48.45 25.81 20.9  37.98 53.84 14.18], Mean: 33.526666666666664 
Run: 2, Task: 5, AL cycle: 2 / 7
Step 2: Clustering for Diversity
Step 3: Querying Typical Examples
Acc_vector: [52.28 19.32 25.37 30.54 57.45 30.3 ], Mean: 35.876666666666665 
Run: 2, Task: 5, AL cycle: 3 / 7
Step 2: Clustering for Diversity
Step 3: Querying Typical Examples
Acc_vector: [52.28 14.75 19.25 32.4  54.41 32.54], Mean: 34.27166666666667 
Run: 2, Task: 5, AL cycle: 4 / 7
Step 2: Clustering for Diversity
Step 3: Querying Typical Examples
Acc_vector: [52.87 14.45 19.25 32.4  54.85 32.69], Mean: 34.41833333333333 
Run: 2, Task: 5, AL cycle: 5 / 7
Step 2: Clustering for Diversity
Step 3: Querying Typical Examples
Acc_vector: [52.87 14.9  19.55 32.71 54.7  32.39], Mean: 34.52 
Run: 2, Task: 5, AL cycle: 6 / 7
Step 2: Clustering for Diversity
Step 3: Querying Typical Examples
Acc_vector: [53.31 15.04 19.4  32.56 54.41 32.39], Mean: 34.51833333333334 
Run: 2, Task: 5, AL cycle: 7 / 7
Step 2: Clustering for Diversity
Step 3: Querying Typical Examples
Acc_vector: [53.31 14.75 19.4  32.71 54.7  32.24], Mean: 34.51833333333334 

 Finish Run 2: total 620.8927354812622 sec

 ######## Run 3, cls_order :[14, 3, 6, 10, 13, 5, 8, 12, 17, 1, 0, 15, 16, 2, 4, 9, 7, 11] ########
Create exp stream : 6 tasks,  classes order [8, 12, 17, 1, 0, 15, 16, 2, 4, 9, 7, 11] 
Input shape (L, D): (200, 3)
Training set size: 10875; Val set size: 1213; Test set size: 4030
buffer has 600 slots
ER mode: task, NCM classifier: False
AL strategy: TypiClust
Batch size: 600
Task 0: contains 1839 train samples
Task 0: contains 205 val samples
Task 0: contains 682 test samples
Task 1: contains 1817 train samples
Task 1: contains 203 val samples
Task 1: contains 674 test samples
Task 2: contains 1840 train samples
Task 2: contains 205 val samples
Task 2: contains 681 test samples
Task 3: contains 1783 train samples
Task 3: contains 199 val samples
Task 3: contains 660 test samples
Task 4: contains 1769 train samples
Task 4: contains 197 val samples
Task 4: contains 655 test samples
Task 5: contains 1827 train samples
Task 5: contains 204 val samples
Task 5: contains 678 test samples
Number of samples in current task: 1839
# Number of samples in the AL cycle: 91
Step 1: Representation Learning
Run: 3, Task: 0, AL cycle: 1 / 7
Acc_vector: [92.08  0.    0.    0.    0.    0.  ], Mean: 92.08 
Run: 3, Task: 0, AL cycle: 2 / 7
Step 2: Clustering for Diversity
Step 3: Querying Typical Examples
Acc_vector: [89.3  0.   0.   0.   0.   0. ], Mean: 89.3 
Run: 3, Task: 0, AL cycle: 3 / 7
Step 2: Clustering for Diversity
Step 3: Querying Typical Examples
Acc_vector: [87.98  0.    0.    0.    0.    0.  ], Mean: 87.98 
Run: 3, Task: 0, AL cycle: 4 / 7
Step 2: Clustering for Diversity
Step 3: Querying Typical Examples
Acc_vector: [87.1  0.   0.   0.   0.   0. ], Mean: 87.1 
Run: 3, Task: 0, AL cycle: 5 / 7
Step 2: Clustering for Diversity
Step 3: Querying Typical Examples
Acc_vector: [86.66  0.    0.    0.    0.    0.  ], Mean: 86.66 
Run: 3, Task: 0, AL cycle: 6 / 7
Step 2: Clustering for Diversity
Step 3: Querying Typical Examples
Acc_vector: [85.63  0.    0.    0.    0.    0.  ], Mean: 85.63 
Run: 3, Task: 0, AL cycle: 7 / 7
Step 2: Clustering for Diversity
Step 3: Querying Typical Examples
Acc_vector: [84.02  0.    0.    0.    0.    0.  ], Mean: 84.02 
Number of samples in current task: 1817
# Number of samples in the AL cycle: 90
Step 1: Representation Learning
Run: 3, Task: 1, AL cycle: 1 / 7
Acc_vector: [45.45 88.13  0.    0.    0.    0.  ], Mean: 66.78999999999999 
Run: 3, Task: 1, AL cycle: 2 / 7
Step 2: Clustering for Diversity
Step 3: Querying Typical Examples
Acc_vector: [45.75 88.43  0.    0.    0.    0.  ], Mean: 67.09 
Run: 3, Task: 1, AL cycle: 3 / 7
Step 2: Clustering for Diversity
Step 3: Querying Typical Examples
Acc_vector: [43.4  88.13  0.    0.    0.    0.  ], Mean: 65.765 
Run: 3, Task: 1, AL cycle: 4 / 7
Step 2: Clustering for Diversity
Step 3: Querying Typical Examples
Acc_vector: [41.06 88.28  0.    0.    0.    0.  ], Mean: 64.67 
Run: 3, Task: 1, AL cycle: 5 / 7
Step 2: Clustering for Diversity
Step 3: Querying Typical Examples
Acc_vector: [41.06 87.69  0.    0.    0.    0.  ], Mean: 64.375 
Run: 3, Task: 1, AL cycle: 6 / 7
Step 2: Clustering for Diversity
Step 3: Querying Typical Examples
Acc_vector: [46.33 86.8   0.    0.    0.    0.  ], Mean: 66.565 
Run: 3, Task: 1, AL cycle: 7 / 7
Step 2: Clustering for Diversity
Step 3: Querying Typical Examples
Acc_vector: [46.77 86.35  0.    0.    0.    0.  ], Mean: 66.56 
Number of samples in current task: 1840
# Number of samples in the AL cycle: 92
Step 1: Representation Learning
Run: 3, Task: 2, AL cycle: 1 / 7
Acc_vector: [36.51 67.8  45.81  0.    0.    0.  ], Mean: 50.04 
Run: 3, Task: 2, AL cycle: 2 / 7
Step 2: Clustering for Diversity
Step 3: Querying Typical Examples
Acc_vector: [24.34 61.87 47.87  0.    0.    0.  ], Mean: 44.69333333333333 
Run: 3, Task: 2, AL cycle: 3 / 7
Step 2: Clustering for Diversity
Step 3: Querying Typical Examples
Acc_vector: [30.65 60.09 70.78  0.    0.    0.  ], Mean: 53.84 
Run: 3, Task: 2, AL cycle: 4 / 7
Step 2: Clustering for Diversity
Step 3: Querying Typical Examples
Acc_vector: [31.23 59.94 70.34  0.    0.    0.  ], Mean: 53.836666666666666 
Run: 3, Task: 2, AL cycle: 5 / 7
Step 2: Clustering for Diversity
Step 3: Querying Typical Examples
Acc_vector: [32.11 59.94 70.34  0.    0.    0.  ], Mean: 54.129999999999995 
Run: 3, Task: 2, AL cycle: 6 / 7
Step 2: Clustering for Diversity
Step 3: Querying Typical Examples
Acc_vector: [32.84 60.09 69.9   0.    0.    0.  ], Mean: 54.27666666666667 
Run: 3, Task: 2, AL cycle: 7 / 7
Step 2: Clustering for Diversity
Step 3: Querying Typical Examples
Acc_vector: [38.86 62.76 77.53  0.    0.    0.  ], Mean: 59.71666666666667 
Number of samples in current task: 1783
# Number of samples in the AL cycle: 89
Step 1: Representation Learning
Run: 3, Task: 3, AL cycle: 1 / 7
Acc_vector: [46.77 70.47 54.48 27.42  0.    0.  ], Mean: 49.785 
Run: 3, Task: 3, AL cycle: 2 / 7
Step 2: Clustering for Diversity
Step 3: Querying Typical Examples
Acc_vector: [41.2  49.11 42.   55.91  0.    0.  ], Mean: 47.055 
Run: 3, Task: 3, AL cycle: 3 / 7
Step 2: Clustering for Diversity
Step 3: Querying Typical Examples
Acc_vector: [41.35 49.55 42.   56.06  0.    0.  ], Mean: 47.24 
Run: 3, Task: 3, AL cycle: 4 / 7
Step 2: Clustering for Diversity
Step 3: Querying Typical Examples
Acc_vector: [38.12 52.23 51.98 71.21  0.    0.  ], Mean: 53.38499999999999 
Run: 3, Task: 3, AL cycle: 5 / 7
Step 2: Clustering for Diversity
Step 3: Querying Typical Examples
Acc_vector: [38.12 52.23 51.98 70.91  0.    0.  ], Mean: 53.309999999999995 
Run: 3, Task: 3, AL cycle: 6 / 7
Step 2: Clustering for Diversity
Step 3: Querying Typical Examples
Acc_vector: [36.07 54.01 53.01 70.45  0.    0.  ], Mean: 53.385000000000005 
Run: 3, Task: 3, AL cycle: 7 / 7
Step 2: Clustering for Diversity
Step 3: Querying Typical Examples
Acc_vector: [35.92 54.01 53.01 71.06  0.    0.  ], Mean: 53.5 
Number of samples in current task: 1769
# Number of samples in the AL cycle: 88
Step 1: Representation Learning
Run: 3, Task: 4, AL cycle: 1 / 7
Acc_vector: [42.23 46.59 54.48 44.55 44.12  0.  ], Mean: 46.39399999999999 
Run: 3, Task: 4, AL cycle: 2 / 7
Step 2: Clustering for Diversity
Step 3: Querying Typical Examples
Acc_vector: [39.88 51.34 50.07 39.55 56.79  0.  ], Mean: 47.525999999999996 
Run: 3, Task: 4, AL cycle: 3 / 7
Step 2: Clustering for Diversity
Step 3: Querying Typical Examples
Acc_vector: [40.62 51.48 53.16 36.67 64.73  0.  ], Mean: 49.33200000000001 
Run: 3, Task: 4, AL cycle: 4 / 7
Step 2: Clustering for Diversity
Step 3: Querying Typical Examples
Acc_vector: [40.91 52.23 53.16 36.67 64.58  0.  ], Mean: 49.50999999999999 
Run: 3, Task: 4, AL cycle: 5 / 7
Step 2: Clustering for Diversity
Step 3: Querying Typical Examples
Acc_vector: [40.76 53.12 53.3  36.82 64.27  0.  ], Mean: 49.653999999999996 
Run: 3, Task: 4, AL cycle: 6 / 7
Step 2: Clustering for Diversity
Step 3: Querying Typical Examples
Acc_vector: [39.3  49.26 52.72 40.3  63.05  0.  ], Mean: 48.926 
Run: 3, Task: 4, AL cycle: 7 / 7
Step 2: Clustering for Diversity
Step 3: Querying Typical Examples
Acc_vector: [39.59 49.26 52.57 40.3  62.9   0.  ], Mean: 48.92399999999999 
Number of samples in current task: 1827
# Number of samples in the AL cycle: 91
Step 1: Representation Learning
Run: 3, Task: 5, AL cycle: 1 / 7
Acc_vector: [42.23 58.9  55.07 47.88 30.84 17.4 ], Mean: 42.053333333333335 
Run: 3, Task: 5, AL cycle: 2 / 7
Step 2: Clustering for Diversity
Step 3: Querying Typical Examples
Acc_vector: [40.47 49.7  54.19 43.48 44.12 25.66], Mean: 42.93666666666667 
Run: 3, Task: 5, AL cycle: 3 / 7
Step 2: Clustering for Diversity
Step 3: Querying Typical Examples
Acc_vector: [40.62 49.41 54.19 43.48 44.73 25.07], Mean: 42.916666666666664 
Run: 3, Task: 5, AL cycle: 4 / 7
Step 2: Clustering for Diversity
Step 3: Querying Typical Examples
Acc_vector: [40.62 48.96 54.04 43.79 44.73 24.78], Mean: 42.81999999999999 
Run: 3, Task: 5, AL cycle: 5 / 7
Step 2: Clustering for Diversity
Step 3: Querying Typical Examples
Acc_vector: [43.26 51.34 51.4  44.7  30.53 40.86], Mean: 43.681666666666665 
Run: 3, Task: 5, AL cycle: 6 / 7
Step 2: Clustering for Diversity
Step 3: Querying Typical Examples
Acc_vector: [43.26 51.34 50.95 44.39 30.38 40.71], Mean: 43.504999999999995 
Run: 3, Task: 5, AL cycle: 7 / 7
Step 2: Clustering for Diversity
Step 3: Querying Typical Examples
Acc_vector: [42.67 51.63 50.95 44.55 30.38 40.86], Mean: 43.50666666666667 

 Finish Run 3: total 673.3535447120667 sec

 ######## Run 4, cls_order :[10, 6, 12, 9, 15, 0, 17, 5, 1, 7, 11, 8, 16, 3, 2, 13, 14, 4] ########
Create exp stream : 6 tasks,  classes order [17, 5, 1, 7, 11, 8, 16, 3, 2, 13, 14, 4] 
Input shape (L, D): (200, 3)
Training set size: 10831; Val set size: 1208; Test set size: 4014
buffer has 600 slots
ER mode: task, NCM classifier: False
AL strategy: TypiClust
Batch size: 600
Task 0: contains 1742 train samples
Task 0: contains 195 val samples
Task 0: contains 646 test samples
Task 1: contains 1836 train samples
Task 1: contains 205 val samples
Task 1: contains 681 test samples
Task 2: contains 1796 train samples
Task 2: contains 200 val samples
Task 2: contains 666 test samples
Task 3: contains 1812 train samples
Task 3: contains 202 val samples
Task 3: contains 672 test samples
Task 4: contains 1798 train samples
Task 4: contains 200 val samples
Task 4: contains 665 test samples
Task 5: contains 1847 train samples
Task 5: contains 206 val samples
Task 5: contains 684 test samples
Number of samples in current task: 1742
# Number of samples in the AL cycle: 87
Step 1: Representation Learning
Run: 4, Task: 0, AL cycle: 1 / 7
Acc_vector: [73.68  0.    0.    0.    0.    0.  ], Mean: 73.68 
Run: 4, Task: 0, AL cycle: 2 / 7
Step 2: Clustering for Diversity
Step 3: Querying Typical Examples
Acc_vector: [75.85  0.    0.    0.    0.    0.  ], Mean: 75.85 
Run: 4, Task: 0, AL cycle: 3 / 7
Step 2: Clustering for Diversity
Step 3: Querying Typical Examples
Acc_vector: [77.71  0.    0.    0.    0.    0.  ], Mean: 77.71 
Run: 4, Task: 0, AL cycle: 4 / 7
Step 2: Clustering for Diversity
Step 3: Querying Typical Examples
Acc_vector: [78.79  0.    0.    0.    0.    0.  ], Mean: 78.79 
Run: 4, Task: 0, AL cycle: 5 / 7
Step 2: Clustering for Diversity
Step 3: Querying Typical Examples
Acc_vector: [77.71  0.    0.    0.    0.    0.  ], Mean: 77.71 
Run: 4, Task: 0, AL cycle: 6 / 7
Step 2: Clustering for Diversity
Step 3: Querying Typical Examples
Acc_vector: [80.19  0.    0.    0.    0.    0.  ], Mean: 80.19 
Run: 4, Task: 0, AL cycle: 7 / 7
Step 2: Clustering for Diversity
Step 3: Querying Typical Examples
Acc_vector: [80.19  0.    0.    0.    0.    0.  ], Mean: 80.19 
Number of samples in current task: 1836
# Number of samples in the AL cycle: 91
Step 1: Representation Learning
Run: 4, Task: 1, AL cycle: 1 / 7
Acc_vector: [40.56 90.16  0.    0.    0.    0.  ], Mean: 65.36 
Run: 4, Task: 1, AL cycle: 2 / 7
Step 2: Clustering for Diversity
Step 3: Querying Typical Examples
Acc_vector: [40.25 90.9   0.    0.    0.    0.  ], Mean: 65.575 
Run: 4, Task: 1, AL cycle: 3 / 7
Step 2: Clustering for Diversity
Step 3: Querying Typical Examples
Acc_vector: [39.16 91.78  0.    0.    0.    0.  ], Mean: 65.47 
Run: 4, Task: 1, AL cycle: 4 / 7
Step 2: Clustering for Diversity
Step 3: Querying Typical Examples
Acc_vector: [37.46 92.07  0.    0.    0.    0.  ], Mean: 64.765 
Run: 4, Task: 1, AL cycle: 5 / 7
Step 2: Clustering for Diversity
Step 3: Querying Typical Examples
Acc_vector: [37.   91.92  0.    0.    0.    0.  ], Mean: 64.46000000000001 
Run: 4, Task: 1, AL cycle: 6 / 7
Step 2: Clustering for Diversity
Step 3: Querying Typical Examples
Acc_vector: [26.93 91.63  0.    0.    0.    0.  ], Mean: 59.28 
Run: 4, Task: 1, AL cycle: 7 / 7
Step 2: Clustering for Diversity
Step 3: Querying Typical Examples
Acc_vector: [28.79 90.75  0.    0.    0.    0.  ], Mean: 59.769999999999996 
Number of samples in current task: 1796
# Number of samples in the AL cycle: 89
Step 1: Representation Learning
Run: 4, Task: 2, AL cycle: 1 / 7
Acc_vector: [25.23 59.32 38.29  0.    0.    0.  ], Mean: 40.946666666666665 
Run: 4, Task: 2, AL cycle: 2 / 7
Step 2: Clustering for Diversity
Step 3: Querying Typical Examples
Acc_vector: [33.13 63.88 47.15  0.    0.    0.  ], Mean: 48.053333333333335 
Run: 4, Task: 2, AL cycle: 3 / 7
Step 2: Clustering for Diversity
Step 3: Querying Typical Examples
Acc_vector: [34.52 60.79 49.25  0.    0.    0.  ], Mean: 48.18666666666667 
Run: 4, Task: 2, AL cycle: 4 / 7
Step 2: Clustering for Diversity
Step 3: Querying Typical Examples
Acc_vector: [34.21 60.5  49.55  0.    0.    0.  ], Mean: 48.086666666666666 
Run: 4, Task: 2, AL cycle: 5 / 7
Step 2: Clustering for Diversity
Step 3: Querying Typical Examples
Acc_vector: [34.98 60.06 49.4   0.    0.    0.  ], Mean: 48.14666666666667 
Run: 4, Task: 2, AL cycle: 6 / 7
Step 2: Clustering for Diversity
Step 3: Querying Typical Examples
Acc_vector: [29.41 61.67 54.05  0.    0.    0.  ], Mean: 48.376666666666665 
Run: 4, Task: 2, AL cycle: 7 / 7
Step 2: Clustering for Diversity
Step 3: Querying Typical Examples
Acc_vector: [29.41 61.53 53.9   0.    0.    0.  ], Mean: 48.28 
Number of samples in current task: 1812
# Number of samples in the AL cycle: 90
Step 1: Representation Learning
Run: 4, Task: 3, AL cycle: 1 / 7
Acc_vector: [35.29 56.98 35.29 31.85  0.    0.  ], Mean: 39.8525 
Run: 4, Task: 3, AL cycle: 2 / 7
Step 2: Clustering for Diversity
Step 3: Querying Typical Examples
Acc_vector: [32.82 49.34 30.48 46.13  0.    0.  ], Mean: 39.6925 
Run: 4, Task: 3, AL cycle: 3 / 7
Step 2: Clustering for Diversity
Step 3: Querying Typical Examples
Acc_vector: [30.5  48.31 27.18 49.11  0.    0.  ], Mean: 38.775000000000006 
Run: 4, Task: 3, AL cycle: 4 / 7
Step 2: Clustering for Diversity
Step 3: Querying Typical Examples
Acc_vector: [30.5  48.16 27.03 49.7   0.    0.  ], Mean: 38.8475 
Run: 4, Task: 3, AL cycle: 5 / 7
Step 2: Clustering for Diversity
Step 3: Querying Typical Examples
Acc_vector: [30.65 48.31 26.73 49.85  0.    0.  ], Mean: 38.885000000000005 
Run: 4, Task: 3, AL cycle: 6 / 7
Step 2: Clustering for Diversity
Step 3: Querying Typical Examples
Acc_vector: [29.88 48.16 26.73 49.7   0.    0.  ], Mean: 38.6175 
Run: 4, Task: 3, AL cycle: 7 / 7
Step 2: Clustering for Diversity
Step 3: Querying Typical Examples
Acc_vector: [27.24 49.49 33.03 51.49  0.    0.  ], Mean: 40.3125 
Number of samples in current task: 1798
# Number of samples in the AL cycle: 89
Step 1: Representation Learning
Run: 4, Task: 4, AL cycle: 1 / 7
Acc_vector: [22.76 49.63 35.44 38.99 54.74  0.  ], Mean: 40.312 
Run: 4, Task: 4, AL cycle: 2 / 7
Step 2: Clustering for Diversity
Step 3: Querying Typical Examples
Acc_vector: [24.46 44.93 34.98 38.54 58.65  0.  ], Mean: 40.312 
Run: 4, Task: 4, AL cycle: 3 / 7
Step 2: Clustering for Diversity
Step 3: Querying Typical Examples
Acc_vector: [24.46 45.08 34.83 38.69 58.35  0.  ], Mean: 40.282 
Run: 4, Task: 4, AL cycle: 4 / 7
Step 2: Clustering for Diversity
Step 3: Querying Typical Examples
Acc_vector: [24.46 45.37 34.83 38.39 58.5   0.  ], Mean: 40.31 
Run: 4, Task: 4, AL cycle: 5 / 7
Step 2: Clustering for Diversity
Step 3: Querying Typical Examples
Acc_vector: [24.61 45.52 34.98 38.24 58.65  0.  ], Mean: 40.4 
Run: 4, Task: 4, AL cycle: 6 / 7
Step 2: Clustering for Diversity
Step 3: Querying Typical Examples
Acc_vector: [24.46 45.81 34.83 38.24 58.5   0.  ], Mean: 40.368 
Run: 4, Task: 4, AL cycle: 7 / 7
Step 2: Clustering for Diversity

 ######## Run 0, cls_order :[11, 3, 17, 10, 13, 14, 0, 2, 16, 7, 1, 9, 8, 4, 12, 5, 6, 15] ########
Create exp stream : 6 tasks,  classes order [0, 2, 16, 7, 1, 9, 8, 4, 12, 5, 6, 15] 
Input shape (L, D): (200, 3)
Training set size: 10825; Val set size: 1207; Test set size: 4010
buffer has 600 slots
ER mode: task, NCM classifier: False
AL strategy: UncertaintyWithDiversity
Batch size: 600
Task 0: contains 1824 train samples
Task 0: contains 203 val samples
Task 0: contains 675 test samples
Task 1: contains 1833 train samples
Task 1: contains 205 val samples
Task 1: contains 680 test samples
Task 2: contains 1766 train samples
Task 2: contains 197 val samples
Task 2: contains 654 test samples
Task 3: contains 1808 train samples
Task 3: contains 201 val samples
Task 3: contains 670 test samples
Task 4: contains 1789 train samples
Task 4: contains 200 val samples
Task 4: contains 663 test samples
Task 5: contains 1805 train samples
Task 5: contains 201 val samples
Task 5: contains 668 test samples
Number of samples in current task: 1824
# Number of samples in the AL cycle: 91
Run: 0, Task: 0, AL cycle: 1 / 7
Acc_vector: [61.33  0.    0.    0.    0.    0.  ], Mean: 61.33 
task_columns: ['task_1', 'task_2', 'task_3', 'task_4', 'task_5', 'task_6']
Run: 0, Task: 0, AL cycle: 2 / 7
Acc_vector: [64.  0.  0.  0.  0.  0.], Mean: 64.0 
Run: 0, Task: 0, AL cycle: 3 / 7
Acc_vector: [64.3  0.   0.   0.   0.   0. ], Mean: 64.3 
Run: 0, Task: 0, AL cycle: 4 / 7
Acc_vector: [64.15  0.    0.    0.    0.    0.  ], Mean: 64.15 
Run: 0, Task: 0, AL cycle: 5 / 7
Acc_vector: [64.15  0.    0.    0.    0.    0.  ], Mean: 64.15 
Run: 0, Task: 0, AL cycle: 6 / 7
Acc_vector: [63.41  0.    0.    0.    0.    0.  ], Mean: 63.41 
Run: 0, Task: 0, AL cycle: 7 / 7
Acc_vector: [62.22  0.    0.    0.    0.    0.  ], Mean: 62.22 
Number of samples in current task: 1833
# Number of samples in the AL cycle: 91
Run: 0, Task: 1, AL cycle: 1 / 7
Acc_vector: [44.   53.53  0.    0.    0.    0.  ], Mean: 48.765 
Run: 0, Task: 1, AL cycle: 2 / 7
Acc_vector: [57.19 71.76  0.    0.    0.    0.  ], Mean: 64.475 
Run: 0, Task: 1, AL cycle: 3 / 7
Acc_vector: [55.85 71.47  0.    0.    0.    0.  ], Mean: 63.66 
Run: 0, Task: 1, AL cycle: 4 / 7
Acc_vector: [56.44 71.47  0.    0.    0.    0.  ], Mean: 63.955 
Run: 0, Task: 1, AL cycle: 5 / 7
Acc_vector: [56.   72.21  0.    0.    0.    0.  ], Mean: 64.10499999999999 
Run: 0, Task: 1, AL cycle: 6 / 7
Acc_vector: [56.59 73.09  0.    0.    0.    0.  ], Mean: 64.84 
Run: 0, Task: 1, AL cycle: 7 / 7
Acc_vector: [60.44 75.    0.    0.    0.    0.  ], Mean: 67.72 
Number of samples in current task: 1766
# Number of samples in the AL cycle: 88
Run: 0, Task: 2, AL cycle: 1 / 7
Acc_vector: [57.93 62.21 53.98  0.    0.    0.  ], Mean: 58.04 
Run: 0, Task: 2, AL cycle: 2 / 7
Acc_vector: [59.26 46.91 69.27  0.    0.    0.  ], Mean: 58.48 
Run: 0, Task: 2, AL cycle: 3 / 7
Acc_vector: [59.41 46.62 69.42  0.    0.    0.  ], Mean: 58.48333333333333 
Run: 0, Task: 2, AL cycle: 4 / 7
Acc_vector: [59.7  46.18 64.07  0.    0.    0.  ], Mean: 56.65 
Run: 0, Task: 2, AL cycle: 5 / 7
Acc_vector: [60.15 47.21 64.37  0.    0.    0.  ], Mean: 57.24333333333334 
Run: 0, Task: 2, AL cycle: 6 / 7
Acc_vector: [60.74 47.65 64.37  0.    0.    0.  ], Mean: 57.586666666666666 
Run: 0, Task: 2, AL cycle: 7 / 7
Acc_vector: [67.11 56.18 72.17  0.    0.    0.  ], Mean: 65.15333333333332 
Number of samples in current task: 1808
# Number of samples in the AL cycle: 90
Run: 0, Task: 3, AL cycle: 1 / 7
Acc_vector: [72.3  56.91 57.34 23.28  0.    0.  ], Mean: 52.457499999999996 
Run: 0, Task: 3, AL cycle: 2 / 7
Acc_vector: [72.15 48.24 57.19 42.24  0.    0.  ], Mean: 54.955000000000005 
Run: 0, Task: 3, AL cycle: 3 / 7
Acc_vector: [72.15 48.38 57.03 42.24  0.    0.  ], Mean: 54.95 
Run: 0, Task: 3, AL cycle: 4 / 7
Acc_vector: [73.19 50.29 56.73 41.79  0.    0.  ], Mean: 55.49999999999999 
Run: 0, Task: 3, AL cycle: 5 / 7
Acc_vector: [73.93 49.12 60.09 44.48  0.    0.  ], Mean: 56.905 
Run: 0, Task: 3, AL cycle: 6 / 7
Acc_vector: [73.78 48.53 60.24 44.63  0.    0.  ], Mean: 56.795 
Run: 0, Task: 3, AL cycle: 7 / 7
Acc_vector: [73.78 49.12 60.09 44.48  0.    0.  ], Mean: 56.8675 
Number of samples in current task: 1789
# Number of samples in the AL cycle: 89
Run: 0, Task: 4, AL cycle: 1 / 7
Acc_vector: [63.7  47.21 58.1  29.4  44.8   0.  ], Mean: 48.641999999999996 
Run: 0, Task: 4, AL cycle: 2 / 7
Acc_vector: [62.07 35.88 53.98 22.39 53.24  0.  ], Mean: 45.512 
Run: 0, Task: 4, AL cycle: 3 / 7
Acc_vector: [61.48 36.47 53.98 21.79 54.3   0.  ], Mean: 45.604 
Run: 0, Task: 4, AL cycle: 4 / 7
Acc_vector: [60.   37.94 54.89 21.79 54.3   0.  ], Mean: 45.78399999999999 
Run: 0, Task: 4, AL cycle: 5 / 7
Acc_vector: [60.15 37.94 54.89 21.79 54.15  0.  ], Mean: 45.784000000000006 
Run: 0, Task: 4, AL cycle: 6 / 7
Acc_vector: [60.3  37.94 54.89 21.64 54.    0.  ], Mean: 45.754 
Run: 0, Task: 4, AL cycle: 7 / 7
Acc_vector: [58.81 38.38 54.89 21.49 53.24  0.  ], Mean: 45.362 
Number of samples in current task: 1805
# Number of samples in the AL cycle: 90
Run: 0, Task: 5, AL cycle: 1 / 7
Acc_vector: [68.3  34.56 53.52 29.55 46.   22.46], Mean: 42.39833333333333 
Run: 0, Task: 5, AL cycle: 2 / 7
Acc_vector: [69.33 25.88 56.73 22.99 41.18 49.85], Mean: 44.326666666666675 
Run: 0, Task: 5, AL cycle: 3 / 7
Acc_vector: [68.44 24.12 53.98 20.9  41.18 50.3 ], Mean: 43.153333333333336 
Run: 0, Task: 5, AL cycle: 4 / 7
Acc_vector: [68.59 24.26 53.21 21.64 41.33 49.85], Mean: 43.14666666666667 
Run: 0, Task: 5, AL cycle: 5 / 7
Acc_vector: [68.74 24.56 53.21 21.34 41.33 49.4 ], Mean: 43.096666666666664 
Run: 0, Task: 5, AL cycle: 6 / 7
Acc_vector: [68.44 24.56 53.21 21.04 41.63 49.25], Mean: 43.02166666666667 
Run: 0, Task: 5, AL cycle: 7 / 7
Acc_vector: [68.89 24.71 53.21 21.04 41.63 49.1 ], Mean: 43.096666666666664 

 Finish Run 0: total 680.0761299133301 sec

 ######## Run 1, cls_order :[1, 13, 12, 5, 4, 17, 15, 10, 0, 8, 9, 6, 14, 7, 3, 16, 2, 11] ########
Create exp stream : 6 tasks,  classes order [15, 10, 0, 8, 9, 6, 14, 7, 3, 16, 2, 11] 
Input shape (L, D): (200, 3)
Training set size: 10909; Val set size: 1216; Test set size: 4042
buffer has 600 slots
ER mode: task, NCM classifier: False
AL strategy: UncertaintyWithDiversity
Batch size: 600
Task 0: contains 1858 train samples
Task 0: contains 207 val samples
Task 0: contains 688 test samples
Task 1: contains 1843 train samples
Task 1: contains 205 val samples
Task 1: contains 683 test samples
Task 2: contains 1769 train samples
Task 2: contains 197 val samples
Task 2: contains 655 test samples
Task 3: contains 1850 train samples
Task 3: contains 207 val samples
Task 3: contains 686 test samples
Task 4: contains 1812 train samples
Task 4: contains 202 val samples
Task 4: contains 672 test samples
Task 5: contains 1777 train samples
Task 5: contains 198 val samples
Task 5: contains 658 test samples
Number of samples in current task: 1858
# Number of samples in the AL cycle: 92
Run: 1, Task: 0, AL cycle: 1 / 7
Acc_vector: [59.88  0.    0.    0.    0.    0.  ], Mean: 59.88 
Run: 1, Task: 0, AL cycle: 2 / 7
Acc_vector: [60.47  0.    0.    0.    0.    0.  ], Mean: 60.47 
Run: 1, Task: 0, AL cycle: 3 / 7
Acc_vector: [61.05  0.    0.    0.    0.    0.  ], Mean: 61.05 
Run: 1, Task: 0, AL cycle: 4 / 7
Acc_vector: [62.94  0.    0.    0.    0.    0.  ], Mean: 62.94 
Run: 1, Task: 0, AL cycle: 5 / 7
Acc_vector: [70.2  0.   0.   0.   0.   0. ], Mean: 70.2 
Run: 1, Task: 0, AL cycle: 6 / 7
Acc_vector: [69.19  0.    0.    0.    0.    0.  ], Mean: 69.19 
Run: 1, Task: 0, AL cycle: 7 / 7
Acc_vector: [69.33  0.    0.    0.    0.    0.  ], Mean: 69.33 
Number of samples in current task: 1843
# Number of samples in the AL cycle: 92
Run: 1, Task: 1, AL cycle: 1 / 7
Acc_vector: [59.16 48.61  0.    0.    0.    0.  ], Mean: 53.885 
Run: 1, Task: 1, AL cycle: 2 / 7
Acc_vector: [14.97 76.72  0.    0.    0.    0.  ], Mean: 45.845 
Run: 1, Task: 1, AL cycle: 3 / 7
Acc_vector: [14.24 76.57  0.    0.    0.    0.  ], Mean: 45.404999999999994 
Run: 1, Task: 1, AL cycle: 4 / 7
Acc_vector: [11.92 76.28  0.    0.    0.    0.  ], Mean: 44.1 
Run: 1, Task: 1, AL cycle: 5 / 7
Acc_vector: [11.63 76.13  0.    0.    0.    0.  ], Mean: 43.879999999999995 
Run: 1, Task: 1, AL cycle: 6 / 7
Acc_vector: [11.48 76.28  0.    0.    0.    0.  ], Mean: 43.88 
Run: 1, Task: 1, AL cycle: 7 / 7
Acc_vector: [11.19 76.13  0.    0.    0.    0.  ], Mean: 43.66 
Number of samples in current task: 1769
# Number of samples in the AL cycle: 88
Run: 1, Task: 2, AL cycle: 1 / 7
Acc_vector: [49.27 39.24 14.05  0.    0.    0.  ], Mean: 34.18666666666667 
Run: 1, Task: 2, AL cycle: 2 / 7
Acc_vector: [49.13 40.12 12.82  0.    0.    0.  ], Mean: 34.02333333333333 
Run: 1, Task: 2, AL cycle: 3 / 7
Acc_vector: [48.11 39.53 16.18  0.    0.    0.  ], Mean: 34.60666666666666 
Run: 1, Task: 2, AL cycle: 4 / 7
Acc_vector: [49.27 39.24 13.89  0.    0.    0.  ], Mean: 34.13333333333333 
Run: 1, Task: 2, AL cycle: 5 / 7
Acc_vector: [48.55 38.95 14.35  0.    0.    0.  ], Mean: 33.949999999999996 
Run: 1, Task: 2, AL cycle: 6 / 7
Acc_vector: [48.4  39.53 12.82  0.    0.    0.  ], Mean: 33.583333333333336 
Run: 1, Task: 2, AL cycle: 7 / 7
Acc_vector: [48.4  39.68 13.28  0.    0.    0.  ], Mean: 33.78666666666667 
Number of samples in current task: 1850
# Number of samples in the AL cycle: 92
Run: 1, Task: 3, AL cycle: 1 / 7
Acc_vector: [32.27  2.93  3.82 51.17  0.    0.  ], Mean: 22.5475 
Run: 1, Task: 3, AL cycle: 2 / 7
Acc_vector: [34.16 35.14  4.58 49.85  0.    0.  ], Mean: 30.932499999999997 
Run: 1, Task: 3, AL cycle: 3 / 7
Acc_vector: [34.16 35.29  4.12 50.15  0.    0.  ], Mean: 30.93 
Run: 1, Task: 3, AL cycle: 4 / 7
Acc_vector: [33.87 34.55  4.12 50.29  0.    0.  ], Mean: 30.707499999999996 
Run: 1, Task: 3, AL cycle: 5 / 7
Acc_vector: [33.87 34.7   4.12 50.29  0.    0.  ], Mean: 30.744999999999997 
Run: 1, Task: 3, AL cycle: 6 / 7
Acc_vector: [33.58 34.7   4.27 50.87  0.    0.  ], Mean: 30.854999999999997 
Run: 1, Task: 3, AL cycle: 7 / 7
Acc_vector: [33.14 33.67  4.27 50.58  0.    0.  ], Mean: 30.415 
Number of samples in current task: 1812
# Number of samples in the AL cycle: 90
Run: 1, Task: 4, AL cycle: 1 / 7
Acc_vector: [40.41 34.55  4.73 26.53 12.95  0.  ], Mean: 23.834 
Run: 1, Task: 4, AL cycle: 2 / 7
Acc_vector: [38.37 30.45  6.72 18.22 14.58  0.  ], Mean: 21.668 
Run: 1, Task: 4, AL cycle: 3 / 7
Acc_vector: [38.66 31.33  6.56 18.37 14.43  0.  ], Mean: 21.869999999999997 
Run: 1, Task: 4, AL cycle: 4 / 7
Acc_vector: [38.81 31.63  6.26 17.64 14.58  0.  ], Mean: 21.784 
Run: 1, Task: 4, AL cycle: 5 / 7
Acc_vector: [39.24 32.94  6.26 17.64 15.03  0.  ], Mean: 22.222 
Run: 1, Task: 4, AL cycle: 6 / 7
Acc_vector: [38.52 40.12  3.82 15.6  18.01  0.  ], Mean: 23.214 
Run: 1, Task: 4, AL cycle: 7 / 7
Acc_vector: [38.81 40.26  4.43 15.89 17.56  0.  ], Mean: 23.39 
Number of samples in current task: 1777
# Number of samples in the AL cycle: 88
Run: 1, Task: 5, AL cycle: 1 / 7
Acc_vector: [37.65 32.21  8.7  14.29  5.51 32.83], Mean: 21.865 
Run: 1, Task: 5, AL cycle: 2 / 7
Acc_vector: [33.28 22.25  6.26  8.89  6.1  49.24], Mean: 21.003333333333334 
Run: 1, Task: 5, AL cycle: 3 / 7
Acc_vector: [33.43 21.96  6.26  8.75  6.25 49.09], Mean: 20.956666666666667 
Run: 1, Task: 5, AL cycle: 4 / 7
Acc_vector: [33.43 21.67  6.26  8.75  6.1  48.63], Mean: 20.80666666666667 
Run: 1, Task: 5, AL cycle: 5 / 7
Acc_vector: [33.58 21.67  6.26  8.75  6.1  48.33], Mean: 20.781666666666663 
Run: 1, Task: 5, AL cycle: 6 / 7
Acc_vector: [33.58 21.38  6.26  8.75  6.1  48.18], Mean: 20.708333333333332 
Run: 1, Task: 5, AL cycle: 7 / 7
Acc_vector: [33.58 21.38  6.26  8.89  6.25 47.87], Mean: 20.705 

 Finish Run 1: total 560.919536113739 sec

 ######## Run 2, cls_order :[5, 0, 2, 10, 13, 6, 17, 14, 16, 4, 7, 15, 8, 9, 12, 1, 11, 3] ########
Create exp stream : 6 tasks,  classes order [17, 14, 16, 4, 7, 15, 8, 9, 12, 1, 11, 3] 
Input shape (L, D): (200, 3)
Training set size: 10880; Val set size: 1214; Test set size: 4033
buffer has 600 slots
ER mode: task, NCM classifier: False
AL strategy: UncertaintyWithDiversity
Batch size: 600
Task 0: contains 1831 train samples
Task 0: contains 205 val samples
Task 0: contains 679 test samples
Task 1: contains 1830 train samples
Task 1: contains 204 val samples
Task 1: contains 678 test samples
Task 2: contains 1808 train samples
Task 2: contains 202 val samples
Task 2: contains 670 test samples
Task 3: contains 1741 train samples
Task 3: contains 194 val samples
Task 3: contains 645 test samples
Task 4: contains 1864 train samples
Task 4: contains 208 val samples
Task 4: contains 691 test samples
Task 5: contains 1806 train samples
Task 5: contains 201 val samples
Task 5: contains 670 test samples
Number of samples in current task: 1831
# Number of samples in the AL cycle: 91
Run: 2, Task: 0, AL cycle: 1 / 7
Acc_vector: [64.65  0.    0.    0.    0.    0.  ], Mean: 64.65 
Run: 2, Task: 0, AL cycle: 2 / 7
Acc_vector: [62.44  0.    0.    0.    0.    0.  ], Mean: 62.44 
Run: 2, Task: 0, AL cycle: 3 / 7
Acc_vector: [59.2  0.   0.   0.   0.   0. ], Mean: 59.2 
Run: 2, Task: 0, AL cycle: 4 / 7
Acc_vector: [58.17  0.    0.    0.    0.    0.  ], Mean: 58.17 
Run: 2, Task: 0, AL cycle: 5 / 7
Acc_vector: [57.29  0.    0.    0.    0.    0.  ], Mean: 57.29 
Run: 2, Task: 0, AL cycle: 6 / 7
Acc_vector: [56.55  0.    0.    0.    0.    0.  ], Mean: 56.55 
Run: 2, Task: 0, AL cycle: 7 / 7
Acc_vector: [55.67  0.    0.    0.    0.    0.  ], Mean: 55.67 
Number of samples in current task: 1830
# Number of samples in the AL cycle: 91
Run: 2, Task: 1, AL cycle: 1 / 7
Acc_vector: [ 5.74 81.42  0.    0.    0.    0.  ], Mean: 43.58 
Run: 2, Task: 1, AL cycle: 2 / 7
Acc_vector: [ 5.3  81.42  0.    0.    0.    0.  ], Mean: 43.36 
Run: 2, Task: 1, AL cycle: 3 / 7
Acc_vector: [ 5.15 81.42  0.    0.    0.    0.  ], Mean: 43.285000000000004 
Run: 2, Task: 1, AL cycle: 4 / 7
Acc_vector: [ 5.15 80.24  0.    0.    0.    0.  ], Mean: 42.695 
Run: 2, Task: 1, AL cycle: 5 / 7
Acc_vector: [10.01 87.32  0.    0.    0.    0.  ], Mean: 48.665 
Run: 2, Task: 1, AL cycle: 6 / 7
Acc_vector: [10.16 87.76  0.    0.    0.    0.  ], Mean: 48.96 
Run: 2, Task: 1, AL cycle: 7 / 7
Acc_vector: [15.02 86.43  0.    0.    0.    0.  ], Mean: 50.725 
Number of samples in current task: 1808
# Number of samples in the AL cycle: 90
Run: 2, Task: 2, AL cycle: 1 / 7
Acc_vector: [40.8  49.12 37.46  0.    0.    0.  ], Mean: 42.46 
Run: 2, Task: 2, AL cycle: 2 / 7
Acc_vector: [49.78 35.99 35.67  0.    0.    0.  ], Mean: 40.480000000000004 
Run: 2, Task: 2, AL cycle: 3 / 7
Acc_vector: [50.22 34.37 34.93  0.    0.    0.  ], Mean: 39.84 
Run: 2, Task: 2, AL cycle: 4 / 7
Acc_vector: [56.85 28.32 40.15  0.    0.    0.  ], Mean: 41.77333333333333 
Run: 2, Task: 2, AL cycle: 5 / 7
Acc_vector: [57.44 28.17 39.1   0.    0.    0.  ], Mean: 41.57 
Run: 2, Task: 2, AL cycle: 6 / 7
Acc_vector: [57.88 28.32 39.1   0.    0.    0.  ], Mean: 41.76666666666667 
Run: 2, Task: 2, AL cycle: 7 / 7
Acc_vector: [58.03 28.76 38.66  0.    0.    0.  ], Mean: 41.81666666666667 
Number of samples in current task: 1741
# Number of samples in the AL cycle: 87
Run: 2, Task: 3, AL cycle: 1 / 7
Acc_vector: [57.44 31.56 10.15 15.66  0.    0.  ], Mean: 28.7025 
Run: 2, Task: 3, AL cycle: 2 / 7
Acc_vector: [57.29 31.71  7.76 16.43  0.    0.  ], Mean: 28.2975 
Run: 2, Task: 3, AL cycle: 3 / 7
Acc_vector: [57.44 31.56  6.72 16.9   0.    0.  ], Mean: 28.155 
Run: 2, Task: 3, AL cycle: 4 / 7
Acc_vector: [56.7  26.4   2.69 27.13  0.    0.  ], Mean: 28.229999999999997 
Run: 2, Task: 3, AL cycle: 5 / 7
Acc_vector: [56.7  26.4   2.69 27.29  0.    0.  ], Mean: 28.269999999999996 
Run: 2, Task: 3, AL cycle: 6 / 7
Acc_vector: [56.55 26.11  2.69 26.98  0.    0.  ], Mean: 28.0825 
Run: 2, Task: 3, AL cycle: 7 / 7
Acc_vector: [56.7  25.96  2.84 27.44  0.    0.  ], Mean: 28.235 
Number of samples in current task: 1864
# Number of samples in the AL cycle: 93
Run: 2, Task: 4, AL cycle: 1 / 7
Acc_vector: [50.96 25.52 20.45  5.89 64.25  0.  ], Mean: 33.414 
Run: 2, Task: 4, AL cycle: 2 / 7
Acc_vector: [47.13 23.45 15.07  6.82 69.46  0.  ], Mean: 32.386 
Run: 2, Task: 4, AL cycle: 3 / 7
Acc_vector: [46.24 23.16 16.27  7.75 70.33  0.  ], Mean: 32.75 
Run: 2, Task: 4, AL cycle: 4 / 7
Acc_vector: [45.66 23.16 16.27  7.75 70.62  0.  ], Mean: 32.69199999999999 
Run: 2, Task: 4, AL cycle: 5 / 7
Acc_vector: [45.51 23.16 16.27  7.75 71.06  0.  ], Mean: 32.75 
Run: 2, Task: 4, AL cycle: 6 / 7
Acc_vector: [44.62 23.89 16.27  7.75 71.35  0.  ], Mean: 32.775999999999996 
Run: 2, Task: 4, AL cycle: 7 / 7
Acc_vector: [44.62 23.89 16.27  7.75 71.35  0.  ], Mean: 32.775999999999996 
Number of samples in current task: 1806
# Number of samples in the AL cycle: 90
Run: 2, Task: 5, AL cycle: 1 / 7
Acc_vector: [49.04 25.22 14.33  6.98 49.64  7.16], Mean: 25.394999999999996 
Run: 2, Task: 5, AL cycle: 2 / 7
Acc_vector: [53.61 17.55  3.73  9.77 54.56 19.1 ], Mean: 26.386666666666667 
Run: 2, Task: 5, AL cycle: 3 / 7
Acc_vector: [56.41 12.68  9.25 17.67 61.36 19.7 ], Mean: 29.511666666666667 
Run: 2, Task: 5, AL cycle: 4 / 7
Acc_vector: [57.   12.24  9.1  17.36 61.07 20.15], Mean: 29.486666666666665 
Run: 2, Task: 5, AL cycle: 5 / 7
Acc_vector: [56.85 12.09  9.4  17.36 60.64 20.45], Mean: 29.465 
Run: 2, Task: 5, AL cycle: 6 / 7
Acc_vector: [57.14 11.95  8.96 17.67 60.64 20.45], Mean: 29.468333333333334 
Run: 2, Task: 5, AL cycle: 7 / 7
Acc_vector: [57.14 11.06  8.81 17.67 60.2  20.75], Mean: 29.271666666666665 

 Finish Run 2: total 592.7458980083466 sec

 ######## Run 3, cls_order :[14, 3, 6, 10, 13, 5, 8, 12, 17, 1, 0, 15, 16, 2, 4, 9, 7, 11] ########
Create exp stream : 6 tasks,  classes order [8, 12, 17, 1, 0, 15, 16, 2, 4, 9, 7, 11] 
Input shape (L, D): (200, 3)
Training set size: 10875; Val set size: 1213; Test set size: 4030
buffer has 600 slots
ER mode: task, NCM classifier: False
AL strategy: UncertaintyWithDiversity
Batch size: 600
Task 0: contains 1839 train samples
Task 0: contains 205 val samples
Task 0: contains 682 test samples
Task 1: contains 1817 train samples
Task 1: contains 203 val samples
Task 1: contains 674 test samples
Task 2: contains 1840 train samples
Task 2: contains 205 val samples
Task 2: contains 681 test samples
Task 3: contains 1783 train samples
Task 3: contains 199 val samples
Task 3: contains 660 test samples
Task 4: contains 1769 train samples
Task 4: contains 197 val samples
Task 4: contains 655 test samples
Task 5: contains 1827 train samples
Task 5: contains 204 val samples
Task 5: contains 678 test samples
Number of samples in current task: 1839
# Number of samples in the AL cycle: 91
Run: 3, Task: 0, AL cycle: 1 / 7
Acc_vector: [94.28  0.    0.    0.    0.    0.  ], Mean: 94.28 
Run: 3, Task: 0, AL cycle: 2 / 7
Acc_vector: [91.64  0.    0.    0.    0.    0.  ], Mean: 91.64 
Run: 3, Task: 0, AL cycle: 3 / 7
Acc_vector: [89.15  0.    0.    0.    0.    0.  ], Mean: 89.15 
Run: 3, Task: 0, AL cycle: 4 / 7
Acc_vector: [86.22  0.    0.    0.    0.    0.  ], Mean: 86.22 
Run: 3, Task: 0, AL cycle: 5 / 7
Acc_vector: [84.31  0.    0.    0.    0.    0.  ], Mean: 84.31 
Run: 3, Task: 0, AL cycle: 6 / 7
Acc_vector: [82.99  0.    0.    0.    0.    0.  ], Mean: 82.99 
Run: 3, Task: 0, AL cycle: 7 / 7
Acc_vector: [80.5  0.   0.   0.   0.   0. ], Mean: 80.5 
Number of samples in current task: 1817
# Number of samples in the AL cycle: 90
Run: 3, Task: 1, AL cycle: 1 / 7
Acc_vector: [30.35 88.28  0.    0.    0.    0.  ], Mean: 59.315 
Run: 3, Task: 1, AL cycle: 2 / 7
Acc_vector: [29.18 87.09  0.    0.    0.    0.  ], Mean: 58.135000000000005 
Run: 3, Task: 1, AL cycle: 3 / 7
Acc_vector: [28.45 86.8   0.    0.    0.    0.  ], Mean: 57.625 
Run: 3, Task: 1, AL cycle: 4 / 7
Acc_vector: [27.57 86.2   0.    0.    0.    0.  ], Mean: 56.885000000000005 
Run: 3, Task: 1, AL cycle: 5 / 7
Acc_vector: [23.31 85.91  0.    0.    0.    0.  ], Mean: 54.61 
Run: 3, Task: 1, AL cycle: 6 / 7
Acc_vector: [22.43 85.16  0.    0.    0.    0.  ], Mean: 53.795 
Run: 3, Task: 1, AL cycle: 7 / 7
Acc_vector: [21.85 83.38  0.    0.    0.    0.  ], Mean: 52.614999999999995 
Number of samples in current task: 1840
# Number of samples in the AL cycle: 92
Run: 3, Task: 2, AL cycle: 1 / 7
Acc_vector: [30.79 57.27 67.99  0.    0.    0.  ], Mean: 52.01666666666667 
Run: 3, Task: 2, AL cycle: 2 / 7
Acc_vector: [25.66 37.39 79.    0.    0.    0.  ], Mean: 47.35 
Run: 3, Task: 2, AL cycle: 3 / 7
Acc_vector: [25.66 37.39 79.    0.    0.    0.  ], Mean: 47.35 
Run: 3, Task: 2, AL cycle: 4 / 7
Acc_vector: [25.81 37.39 78.56  0.    0.    0.  ], Mean: 47.25333333333333 
Run: 3, Task: 2, AL cycle: 5 / 7
Acc_vector: [30.79 40.5  78.56  0.    0.    0.  ], Mean: 49.949999999999996 
Run: 3, Task: 2, AL cycle: 6 / 7
Acc_vector: [30.35 41.1  78.41  0.    0.    0.  ], Mean: 49.95333333333334 
Run: 3, Task: 2, AL cycle: 7 / 7
Acc_vector: [30.21 40.5  78.41  0.    0.    0.  ], Mean: 49.70666666666667 
Number of samples in current task: 1783
# Number of samples in the AL cycle: 89
Run: 3, Task: 3, AL cycle: 1 / 7
Acc_vector: [42.52 65.43 49.05 17.12  0.    0.  ], Mean: 43.53 
Run: 3, Task: 3, AL cycle: 2 / 7
Acc_vector: [49.56 54.45 60.94 49.7   0.    0.  ], Mean: 53.662499999999994 
Run: 3, Task: 3, AL cycle: 3 / 7
Acc_vector: [49.85 56.08 62.11 54.24  0.    0.  ], Mean: 55.57000000000001 
Run: 3, Task: 3, AL cycle: 4 / 7
Acc_vector: [51.91 61.57 55.21 70.76  0.    0.  ], Mean: 59.8625 
Run: 3, Task: 3, AL cycle: 5 / 7
Acc_vector: [43.99 53.41 53.3  77.12  0.    0.  ], Mean: 56.955 
Run: 3, Task: 3, AL cycle: 6 / 7
Acc_vector: [45.01 54.9  53.74 76.21  0.    0.  ], Mean: 57.465 
Run: 3, Task: 3, AL cycle: 7 / 7
Acc_vector: [44.72 54.9  53.89 76.21  0.    0.  ], Mean: 57.42999999999999 
Number of samples in current task: 1769
# Number of samples in the AL cycle: 88
Run: 3, Task: 4, AL cycle: 1 / 7
Acc_vector: [49.41 47.77 57.27 62.12 34.5   0.  ], Mean: 50.214000000000006 
Run: 3, Task: 4, AL cycle: 2 / 7
Acc_vector: [42.52 45.4  54.77 53.48 64.89  0.  ], Mean: 52.212 
Run: 3, Task: 4, AL cycle: 3 / 7
Acc_vector: [40.91 47.03 50.66 55.   68.4   0.  ], Mean: 52.4 
Run: 3, Task: 4, AL cycle: 4 / 7
Acc_vector: [37.98 50.59 46.55 50.3  75.42  0.  ], Mean: 52.168000000000006 
Run: 3, Task: 4, AL cycle: 5 / 7
Acc_vector: [38.12 50.59 45.67 51.36 75.42  0.  ], Mean: 52.232000000000006 
Run: 3, Task: 4, AL cycle: 6 / 7
Acc_vector: [44.87 50.3  43.32 48.79 77.71  0.  ], Mean: 52.99799999999999 
Run: 3, Task: 4, AL cycle: 7 / 7
Acc_vector: [44.57 47.77 46.26 52.88 79.54  0.  ], Mean: 54.20399999999999 
Number of samples in current task: 1827
# Number of samples in the AL cycle: 91
Run: 3, Task: 5, AL cycle: 1 / 7
Acc_vector: [50.59 59.64 49.05 53.64 38.47 27.14], Mean: 46.421666666666674 
Run: 3, Task: 5, AL cycle: 2 / 7
Acc_vector: [44.13 58.01 45.08 47.88 19.39 45.28], Mean: 43.294999999999995 
Run: 3, Task: 5, AL cycle: 3 / 7
Acc_vector: [44.28 57.27 45.23 47.58 18.93 45.28], Mean: 43.095000000000006 
Run: 3, Task: 5, AL cycle: 4 / 7
Acc_vector: [44.57 56.97 45.23 47.58 18.93 45.28], Mean: 43.09333333333333 
Run: 3, Task: 5, AL cycle: 5 / 7
Acc_vector: [44.72 56.97 45.52 47.42 19.24 44.69], Mean: 43.093333333333334 
Run: 3, Task: 5, AL cycle: 6 / 7
Acc_vector: [47.36 59.05 46.26 46.82 19.85 49.26], Mean: 44.76666666666666 
Run: 3, Task: 5, AL cycle: 7 / 7
Acc_vector: [44.72 56.82 44.05 49.09 16.18 48.53], Mean: 43.23166666666666 

 Finish Run 3: total 769.0082597732544 sec

 ######## Run 4, cls_order :[10, 6, 12, 9, 15, 0, 17, 5, 1, 7, 11, 8, 16, 3, 2, 13, 14, 4] ########
Create exp stream : 6 tasks,  classes order [17, 5, 1, 7, 11, 8, 16, 3, 2, 13, 14, 4] 
Input shape (L, D): (200, 3)
Training set size: 10831; Val set size: 1208; Test set size: 4014
buffer has 600 slots
ER mode: task, NCM classifier: False
AL strategy: UncertaintyWithDiversity
Batch size: 600
Task 0: contains 1742 train samples
Task 0: contains 195 val samples
Task 0: contains 646 test samples
Task 1: contains 1836 train samples
Task 1: contains 205 val samples
Task 1: contains 681 test samples
Task 2: contains 1796 train samples
Task 2: contains 200 val samples
Task 2: contains 666 test samples
Task 3: contains 1812 train samples
Task 3: contains 202 val samples
Task 3: contains 672 test samples
Task 4: contains 1798 train samples
Task 4: contains 200 val samples
Task 4: contains 665 test samples
Task 5: contains 1847 train samples
Task 5: contains 206 val samples
Task 5: contains 684 test samples

 ######## Run 0, cls_order :[11, 3, 17, 10, 13, 14, 0, 2, 16, 7, 1, 9, 8, 4, 12, 5, 6, 15] ########
Create exp stream : 6 tasks,  classes order [0, 2, 16, 7, 1, 9, 8, 4, 12, 5, 6, 15] 
Input shape (L, D): (200, 3)
Training set size: 10825; Val set size: 1207; Test set size: 4010
buffer has 600 slots
ER mode: task, NCM classifier: False
AL strategy: UncertaintyWithDiversity
Batch size: 600
Task 0: contains 1824 train samples
Task 0: contains 203 val samples
Task 0: contains 675 test samples
Task 1: contains 1833 train samples
Task 1: contains 205 val samples
Task 1: contains 680 test samples
Task 2: contains 1766 train samples
Task 2: contains 197 val samples
Task 2: contains 654 test samples
Task 3: contains 1808 train samples
Task 3: contains 201 val samples
Task 3: contains 670 test samples
Task 4: contains 1789 train samples
Task 4: contains 200 val samples
Task 4: contains 663 test samples
Task 5: contains 1805 train samples
Task 5: contains 201 val samples
Task 5: contains 668 test samples
Number of samples in current task: 1824
# Number of samples in the AL cycle: 91
Run: 0, Task: 0, AL cycle: 1 / 7
Acc_vector: [61.33  0.    0.    0.    0.    0.  ], Mean: 61.33 
task_columns: ['task_1', 'task_2', 'task_3', 'task_4', 'task_5', 'task_6']
Run: 0, Task: 0, AL cycle: 2 / 7
Acc_vector: [64.  0.  0.  0.  0.  0.], Mean: 64.0 
Run: 0, Task: 0, AL cycle: 3 / 7
Acc_vector: [64.3  0.   0.   0.   0.   0. ], Mean: 64.3 
Run: 0, Task: 0, AL cycle: 4 / 7
Acc_vector: [64.15  0.    0.    0.    0.    0.  ], Mean: 64.15 
Run: 0, Task: 0, AL cycle: 5 / 7
Acc_vector: [64.15  0.    0.    0.    0.    0.  ], Mean: 64.15 
Run: 0, Task: 0, AL cycle: 6 / 7
Acc_vector: [63.41  0.    0.    0.    0.    0.  ], Mean: 63.41 
Run: 0, Task: 0, AL cycle: 7 / 7
Acc_vector: [62.22  0.    0.    0.    0.    0.  ], Mean: 62.22 
Number of samples in current task: 1833
# Number of samples in the AL cycle: 91
Run: 0, Task: 1, AL cycle: 1 / 7
Acc_vector: [44.   53.53  0.    0.    0.    0.  ], Mean: 48.765 
Run: 0, Task: 1, AL cycle: 2 / 7
Acc_vector: [54.67 64.85  0.    0.    0.    0.  ], Mean: 59.76 
Run: 0, Task: 1, AL cycle: 3 / 7
Acc_vector: [54.07 64.71  0.    0.    0.    0.  ], Mean: 59.39 
Run: 0, Task: 1, AL cycle: 4 / 7
Acc_vector: [58.96 67.94  0.    0.    0.    0.  ], Mean: 63.45 
Run: 0, Task: 1, AL cycle: 5 / 7
Acc_vector: [61.19 71.47  0.    0.    0.    0.  ], Mean: 66.33 
Run: 0, Task: 1, AL cycle: 6 / 7
Acc_vector: [61.19 71.76  0.    0.    0.    0.  ], Mean: 66.475 
Run: 0, Task: 1, AL cycle: 7 / 7
Acc_vector: [61.33 71.91  0.    0.    0.    0.  ], Mean: 66.62 
Number of samples in current task: 1766
# Number of samples in the AL cycle: 88
Run: 0, Task: 2, AL cycle: 1 / 7
Acc_vector: [55.85 43.97 72.02  0.    0.    0.  ], Mean: 57.279999999999994 
Run: 0, Task: 2, AL cycle: 2 / 7
Acc_vector: [57.19 29.85 85.02  0.    0.    0.  ], Mean: 57.35333333333333 
Run: 0, Task: 2, AL cycle: 3 / 7
Acc_vector: [57.33 29.71 85.17  0.    0.    0.  ], Mean: 57.40333333333333 
Run: 0, Task: 2, AL cycle: 4 / 7
Acc_vector: [57.93 29.56 84.4   0.    0.    0.  ], Mean: 57.29666666666666 
Run: 0, Task: 2, AL cycle: 5 / 7
Acc_vector: [57.93 29.56 84.25  0.    0.    0.  ], Mean: 57.24666666666667 
Run: 0, Task: 2, AL cycle: 6 / 7
Acc_vector: [58.81 29.41 84.25  0.    0.    0.  ], Mean: 57.49 
Run: 0, Task: 2, AL cycle: 7 / 7
Acc_vector: [59.26 29.41 84.25  0.    0.    0.  ], Mean: 57.64000000000001 
Number of samples in current task: 1808
# Number of samples in the AL cycle: 90
Run: 0, Task: 3, AL cycle: 1 / 7
Acc_vector: [69.48 53.68 63.76 34.93  0.    0.  ], Mean: 55.4625 
Run: 0, Task: 3, AL cycle: 2 / 7
Acc_vector: [67.41 46.76 58.72 47.76  0.    0.  ], Mean: 55.162499999999994 
Run: 0, Task: 3, AL cycle: 3 / 7
Acc_vector: [64.59 39.26 68.04 61.04  0.    0.  ], Mean: 58.232499999999995 
Run: 0, Task: 3, AL cycle: 4 / 7
Acc_vector: [64.3  35.29 68.04 61.64  0.    0.  ], Mean: 57.317499999999995 
Run: 0, Task: 3, AL cycle: 5 / 7
Acc_vector: [64.59 35.74 67.89 61.04  0.    0.  ], Mean: 57.315000000000005 
Run: 0, Task: 3, AL cycle: 6 / 7
Acc_vector: [64.44 36.18 67.58 61.04  0.    0.  ], Mean: 57.309999999999995 
Run: 0, Task: 3, AL cycle: 7 / 7
Acc_vector: [64.89 36.62 67.43 60.75  0.    0.  ], Mean: 57.4225 
Number of samples in current task: 1789
# Number of samples in the AL cycle: 89
Run: 0, Task: 4, AL cycle: 1 / 7
Acc_vector: [63.41 36.18 74.92 23.73 36.5   0.  ], Mean: 46.94799999999999 
Run: 0, Task: 4, AL cycle: 2 / 7
Acc_vector: [59.41 30.29 68.35 21.49 54.    0.  ], Mean: 46.708 
Run: 0, Task: 4, AL cycle: 3 / 7
Acc_vector: [68.15 31.76 64.22  7.31 68.17  0.  ], Mean: 47.922000000000004 
Run: 0, Task: 4, AL cycle: 4 / 7
Acc_vector: [66.52 29.71 64.83 10.   71.34  0.  ], Mean: 48.480000000000004 
Run: 0, Task: 4, AL cycle: 5 / 7
Acc_vector: [66.37 31.18 64.68  9.85 69.38  0.  ], Mean: 48.292 
Run: 0, Task: 4, AL cycle: 6 / 7
Acc_vector: [66.81 29.41 64.07  8.51 68.93  0.  ], Mean: 47.546 
Run: 0, Task: 4, AL cycle: 7 / 7
Acc_vector: [68.59 29.26 63.76  7.91 68.48  0.  ], Mean: 47.6 
Number of samples in current task: 1805
# Number of samples in the AL cycle: 90
Run: 0, Task: 5, AL cycle: 1 / 7
Acc_vector: [73.33 27.79 72.94 29.4  46.91 25.  ], Mean: 45.895 
Run: 0, Task: 5, AL cycle: 2 / 7
Acc_vector: [61.48 27.65 70.64 17.91 40.42 33.23], Mean: 41.88833333333333 
Run: 0, Task: 5, AL cycle: 3 / 7
Acc_vector: [73.78 30.74 61.47 17.46 35.44 44.31], Mean: 43.866666666666674 
Run: 0, Task: 5, AL cycle: 4 / 7
Acc_vector: [72.74 30.29 62.54 20.15 38.76 45.66], Mean: 45.02333333333333 
Run: 0, Task: 5, AL cycle: 5 / 7
Acc_vector: [69.93 26.76 64.53 22.69 38.91 51.05], Mean: 45.645 
Run: 0, Task: 5, AL cycle: 6 / 7
Acc_vector: [70.22 26.91 64.37 22.69 38.91 51.2 ], Mean: 45.71666666666667 
Run: 0, Task: 5, AL cycle: 7 / 7
Acc_vector: [70.22 27.35 64.22 22.54 38.76 51.65], Mean: 45.78999999999999 

 Finish Run 0: total 758.2675278186798 sec

 ######## Run 1, cls_order :[1, 13, 12, 5, 4, 17, 15, 10, 0, 8, 9, 6, 14, 7, 3, 16, 2, 11] ########
Create exp stream : 6 tasks,  classes order [15, 10, 0, 8, 9, 6, 14, 7, 3, 16, 2, 11] 
Input shape (L, D): (200, 3)
Training set size: 10909; Val set size: 1216; Test set size: 4042
buffer has 600 slots
ER mode: task, NCM classifier: False
AL strategy: UncertaintyWithDiversity
Batch size: 600
Task 0: contains 1858 train samples
Task 0: contains 207 val samples
Task 0: contains 688 test samples
Task 1: contains 1843 train samples
Task 1: contains 205 val samples
Task 1: contains 683 test samples
Task 2: contains 1769 train samples
Task 2: contains 197 val samples
Task 2: contains 655 test samples
Task 3: contains 1850 train samples
Task 3: contains 207 val samples
Task 3: contains 686 test samples
Task 4: contains 1812 train samples
Task 4: contains 202 val samples
Task 4: contains 672 test samples
Task 5: contains 1777 train samples
Task 5: contains 198 val samples
Task 5: contains 658 test samples
Number of samples in current task: 1858
# Number of samples in the AL cycle: 92
Run: 1, Task: 0, AL cycle: 1 / 7
Acc_vector: [59.88  0.    0.    0.    0.    0.  ], Mean: 59.88 
Run: 1, Task: 0, AL cycle: 2 / 7
Acc_vector: [60.47  0.    0.    0.    0.    0.  ], Mean: 60.47 
Run: 1, Task: 0, AL cycle: 3 / 7
Acc_vector: [61.05  0.    0.    0.    0.    0.  ], Mean: 61.05 
Run: 1, Task: 0, AL cycle: 4 / 7
Acc_vector: [62.94  0.    0.    0.    0.    0.  ], Mean: 62.94 
Run: 1, Task: 0, AL cycle: 5 / 7
Acc_vector: [70.2  0.   0.   0.   0.   0. ], Mean: 70.2 
Run: 1, Task: 0, AL cycle: 6 / 7
Acc_vector: [69.19  0.    0.    0.    0.    0.  ], Mean: 69.19 
Run: 1, Task: 0, AL cycle: 7 / 7
Acc_vector: [69.33  0.    0.    0.    0.    0.  ], Mean: 69.33 
Number of samples in current task: 1843
# Number of samples in the AL cycle: 92
Run: 1, Task: 1, AL cycle: 1 / 7
Acc_vector: [59.16 48.61  0.    0.    0.    0.  ], Mean: 53.885 
Run: 1, Task: 1, AL cycle: 2 / 7
Acc_vector: [26.74 72.77  0.    0.    0.    0.  ], Mean: 49.754999999999995 
Run: 1, Task: 1, AL cycle: 3 / 7
Acc_vector: [21.8  73.79  0.    0.    0.    0.  ], Mean: 47.795 
Run: 1, Task: 1, AL cycle: 4 / 7
Acc_vector: [20.49 73.79  0.    0.    0.    0.  ], Mean: 47.14 
Run: 1, Task: 1, AL cycle: 5 / 7
Acc_vector: [16.86 73.94  0.    0.    0.    0.  ], Mean: 45.4 
Run: 1, Task: 1, AL cycle: 6 / 7
Acc_vector: [16.57 73.79  0.    0.    0.    0.  ], Mean: 45.18000000000001 
Run: 1, Task: 1, AL cycle: 7 / 7
Acc_vector: [16.72 73.5   0.    0.    0.    0.  ], Mean: 45.11 
Number of samples in current task: 1769
# Number of samples in the AL cycle: 88
Run: 1, Task: 2, AL cycle: 1 / 7
Acc_vector: [49.71 39.09 14.05  0.    0.    0.  ], Mean: 34.28333333333334 
Run: 1, Task: 2, AL cycle: 2 / 7
Acc_vector: [49.27 38.95 15.27  0.    0.    0.  ], Mean: 34.49666666666666 
Run: 1, Task: 2, AL cycle: 3 / 7
Acc_vector: [48.69 41.43 11.15  0.    0.    0.  ], Mean: 33.75666666666667 
Run: 1, Task: 2, AL cycle: 4 / 7
Acc_vector: [46.51 42.46 13.28  0.    0.    0.  ], Mean: 34.083333333333336 
Run: 1, Task: 2, AL cycle: 5 / 7
Acc_vector: [46.8  42.61 13.13  0.    0.    0.  ], Mean: 34.18 
Run: 1, Task: 2, AL cycle: 6 / 7
Acc_vector: [46.51 42.9  13.28  0.    0.    0.  ], Mean: 34.23 
Run: 1, Task: 2, AL cycle: 7 / 7
Acc_vector: [46.66 42.46 14.05  0.    0.    0.  ], Mean: 34.39 
Number of samples in current task: 1850
# Number of samples in the AL cycle: 92
Run: 1, Task: 3, AL cycle: 1 / 7
Acc_vector: [42.3  35.29  0.76 38.48  0.    0.  ], Mean: 29.207500000000003 
Run: 1, Task: 3, AL cycle: 2 / 7
Acc_vector: [27.47  8.35  0.46 47.38  0.    0.  ], Mean: 20.915 
Run: 1, Task: 3, AL cycle: 3 / 7
Acc_vector: [27.18  9.96  0.46 48.25  0.    0.  ], Mean: 21.4625 
Run: 1, Task: 3, AL cycle: 4 / 7
Acc_vector: [27.03 11.27  0.76 48.69  0.    0.  ], Mean: 21.9375 
Run: 1, Task: 3, AL cycle: 5 / 7
Acc_vector: [26.31 13.76  0.61 48.98  0.    0.  ], Mean: 22.415 
Run: 1, Task: 3, AL cycle: 6 / 7
Acc_vector: [25.87 15.81  0.61 48.83  0.    0.  ], Mean: 22.78 
Run: 1, Task: 3, AL cycle: 7 / 7
Acc_vector: [25.   18.3   0.76 48.98  0.    0.  ], Mean: 23.259999999999998 
Number of samples in current task: 1812
# Number of samples in the AL cycle: 90
Run: 1, Task: 4, AL cycle: 1 / 7
Acc_vector: [39.24 36.02  6.41 32.65  8.63  0.  ], Mean: 24.589999999999996 
Run: 1, Task: 4, AL cycle: 2 / 7
Acc_vector: [34.01 34.7   5.95 28.43 19.49  0.  ], Mean: 24.516 
Run: 1, Task: 4, AL cycle: 3 / 7
Acc_vector: [34.3  34.7   5.95 28.72 21.43  0.  ], Mean: 25.02 
Run: 1, Task: 4, AL cycle: 4 / 7
Acc_vector: [34.16 34.85  6.11 29.15 21.43  0.  ], Mean: 25.139999999999997 
Run: 1, Task: 4, AL cycle: 5 / 7
Acc_vector: [34.45 35.43  5.95 30.61 24.55  0.  ], Mean: 26.198 
Run: 1, Task: 4, AL cycle: 6 / 7
Acc_vector: [38.52 36.6   5.5  29.45 25.74  0.  ], Mean: 27.162 
Run: 1, Task: 4, AL cycle: 7 / 7
Acc_vector: [38.08 36.6   5.5  29.59 26.04  0.  ], Mean: 27.162 
Number of samples in current task: 1777
# Number of samples in the AL cycle: 88
Run: 1, Task: 5, AL cycle: 1 / 7
Acc_vector: [32.85 34.26  6.11 19.68 18.45 38.3 ], Mean: 24.941666666666666 
Run: 1, Task: 5, AL cycle: 2 / 7
Acc_vector: [32.12 29.72  5.19 16.33 15.48 53.95], Mean: 25.465000000000003 
Run: 1, Task: 5, AL cycle: 3 / 7
Acc_vector: [31.4  29.28  4.43 16.91 12.65 54.41], Mean: 24.846666666666664 
Run: 1, Task: 5, AL cycle: 4 / 7
Acc_vector: [31.25 29.58  4.12 16.47 12.5  54.26], Mean: 24.69666666666667 
Run: 1, Task: 5, AL cycle: 5 / 7
Acc_vector: [30.81 28.99  3.97 16.76 12.2  53.8 ], Mean: 24.421666666666667 
Run: 1, Task: 5, AL cycle: 6 / 7
Acc_vector: [27.33 35.29  2.29 16.33 12.35 53.95], Mean: 24.59 
Run: 1, Task: 5, AL cycle: 7 / 7
Acc_vector: [27.47 34.99  2.44 16.62 12.35 53.95], Mean: 24.636666666666667 

 Finish Run 1: total 579.5411307811737 sec

 ######## Run 2, cls_order :[5, 0, 2, 10, 13, 6, 17, 14, 16, 4, 7, 15, 8, 9, 12, 1, 11, 3] ########
Create exp stream : 6 tasks,  classes order [17, 14, 16, 4, 7, 15, 8, 9, 12, 1, 11, 3] 
Input shape (L, D): (200, 3)
Training set size: 10880; Val set size: 1214; Test set size: 4033
buffer has 600 slots
ER mode: task, NCM classifier: False
AL strategy: UncertaintyWithDiversity
Batch size: 600
Task 0: contains 1831 train samples
Task 0: contains 205 val samples
Task 0: contains 679 test samples
Task 1: contains 1830 train samples
Task 1: contains 204 val samples
Task 1: contains 678 test samples
Task 2: contains 1808 train samples
Task 2: contains 202 val samples
Task 2: contains 670 test samples
Task 3: contains 1741 train samples
Task 3: contains 194 val samples
Task 3: contains 645 test samples
Task 4: contains 1864 train samples
Task 4: contains 208 val samples
Task 4: contains 691 test samples
Task 5: contains 1806 train samples
Task 5: contains 201 val samples
Task 5: contains 670 test samples
Number of samples in current task: 1831
# Number of samples in the AL cycle: 91
Run: 2, Task: 0, AL cycle: 1 / 7
Acc_vector: [64.65  0.    0.    0.    0.    0.  ], Mean: 64.65 
Run: 2, Task: 0, AL cycle: 2 / 7
Acc_vector: [62.44  0.    0.    0.    0.    0.  ], Mean: 62.44 
Run: 2, Task: 0, AL cycle: 3 / 7
Acc_vector: [59.2  0.   0.   0.   0.   0. ], Mean: 59.2 
Run: 2, Task: 0, AL cycle: 4 / 7
Acc_vector: [58.17  0.    0.    0.    0.    0.  ], Mean: 58.17 
Run: 2, Task: 0, AL cycle: 5 / 7
Acc_vector: [57.29  0.    0.    0.    0.    0.  ], Mean: 57.29 
Run: 2, Task: 0, AL cycle: 6 / 7
Acc_vector: [56.55  0.    0.    0.    0.    0.  ], Mean: 56.55 
Run: 2, Task: 0, AL cycle: 7 / 7
Acc_vector: [55.67  0.    0.    0.    0.    0.  ], Mean: 55.67 
Number of samples in current task: 1830
# Number of samples in the AL cycle: 91
Run: 2, Task: 1, AL cycle: 1 / 7
Acc_vector: [ 5.74 81.42  0.    0.    0.    0.  ], Mean: 43.58 
Run: 2, Task: 1, AL cycle: 2 / 7
Acc_vector: [ 5.3  81.42  0.    0.    0.    0.  ], Mean: 43.36 
Run: 2, Task: 1, AL cycle: 3 / 7
Acc_vector: [ 5.15 81.42  0.    0.    0.    0.  ], Mean: 43.285000000000004 
Run: 2, Task: 1, AL cycle: 4 / 7
Acc_vector: [ 5.15 81.12  0.    0.    0.    0.  ], Mean: 43.135000000000005 
Run: 2, Task: 1, AL cycle: 5 / 7
Acc_vector: [ 5.15 80.53  0.    0.    0.    0.  ], Mean: 42.84 
Run: 2, Task: 1, AL cycle: 6 / 7
Acc_vector: [ 7.81 85.99  0.    0.    0.    0.  ], Mean: 46.9 
Run: 2, Task: 1, AL cycle: 7 / 7
Acc_vector: [ 8.39 86.28  0.    0.    0.    0.  ], Mean: 47.335 
Number of samples in current task: 1808
# Number of samples in the AL cycle: 90
Run: 2, Task: 2, AL cycle: 1 / 7
Acc_vector: [26.95 52.36 45.67  0.    0.    0.  ], Mean: 41.660000000000004 
Run: 2, Task: 2, AL cycle: 2 / 7
Acc_vector: [30.34 38.94 50.3   0.    0.    0.  ], Mean: 39.86 
Run: 2, Task: 2, AL cycle: 3 / 7
Acc_vector: [35.05 32.74 54.33  0.    0.    0.  ], Mean: 40.70666666666666 
Run: 2, Task: 2, AL cycle: 4 / 7
Acc_vector: [35.05 32.15 54.18  0.    0.    0.  ], Mean: 40.46 
Run: 2, Task: 2, AL cycle: 5 / 7
Acc_vector: [35.64 32.01 54.48  0.    0.    0.  ], Mean: 40.71 
Run: 2, Task: 2, AL cycle: 6 / 7
Acc_vector: [35.79 31.86 53.73  0.    0.    0.  ], Mean: 40.46 
Run: 2, Task: 2, AL cycle: 7 / 7
Acc_vector: [35.94 31.56 53.58  0.    0.    0.  ], Mean: 40.36 
Number of samples in current task: 1741
# Number of samples in the AL cycle: 87
Run: 2, Task: 3, AL cycle: 1 / 7
Acc_vector: [47.57 34.66 22.09 18.29  0.    0.  ], Mean: 30.652499999999996 
Run: 2, Task: 3, AL cycle: 2 / 7
Acc_vector: [46.69 29.94 16.12 31.47  0.    0.  ], Mean: 31.055 
Run: 2, Task: 3, AL cycle: 3 / 7
Acc_vector: [46.83 29.94 15.67 31.16  0.    0.  ], Mean: 30.9 
Run: 2, Task: 3, AL cycle: 4 / 7
Acc_vector: [47.28 29.65 15.22 30.7   0.    0.  ], Mean: 30.712500000000002 
Run: 2, Task: 3, AL cycle: 5 / 7
Acc_vector: [52.72 25.66 14.48 39.22  0.    0.  ], Mean: 33.019999999999996 
Run: 2, Task: 3, AL cycle: 6 / 7
Acc_vector: [52.72 25.81 14.48 38.76  0.    0.  ], Mean: 32.9425 
Run: 2, Task: 3, AL cycle: 7 / 7
Acc_vector: [53.46 26.11 14.33 38.76  0.    0.  ], Mean: 33.165 
Number of samples in current task: 1864
# Number of samples in the AL cycle: 93
Run: 2, Task: 4, AL cycle: 1 / 7
Acc_vector: [50.81 19.91  9.7  17.67 67.15  0.  ], Mean: 33.048 
Run: 2, Task: 4, AL cycle: 2 / 7
Acc_vector: [53.76 21.98  3.43 23.26 70.33  0.  ], Mean: 34.552 
Run: 2, Task: 4, AL cycle: 3 / 7
Acc_vector: [51.99 21.68  4.63 23.41 69.75  0.  ], Mean: 34.291999999999994 
Run: 2, Task: 4, AL cycle: 4 / 7
Acc_vector: [51.25 21.53  4.48 23.57 69.61  0.  ], Mean: 34.088 
Run: 2, Task: 4, AL cycle: 5 / 7
Acc_vector: [50.96 21.39  4.63 23.57 69.61  0.  ], Mean: 34.032 
Run: 2, Task: 4, AL cycle: 6 / 7
Acc_vector: [50.66 21.24  5.07 23.72 69.46  0.  ], Mean: 34.029999999999994 
Run: 2, Task: 4, AL cycle: 7 / 7
Acc_vector: [50.52 20.94  4.63 23.88 69.03  0.  ], Mean: 33.8 
Number of samples in current task: 1806
# Number of samples in the AL cycle: 90
Run: 2, Task: 5, AL cycle: 1 / 7
Acc_vector: [53.61 12.83  8.81 17.36 45.44 11.34], Mean: 24.898333333333337 
Run: 2, Task: 5, AL cycle: 2 / 7
Acc_vector: [54.2  18.88  7.61 13.64 56.87 13.28], Mean: 27.41333333333333 
Run: 2, Task: 5, AL cycle: 3 / 7
Acc_vector: [54.2  18.73  7.91 13.64 57.02 14.33], Mean: 27.638333333333335 
Run: 2, Task: 5, AL cycle: 4 / 7
Acc_vector: [54.05 18.44  7.91 13.64 57.16 14.48], Mean: 27.61333333333333 
Run: 2, Task: 5, AL cycle: 5 / 7
Acc_vector: [53.61 18.29  7.76 13.64 57.74 15.37], Mean: 27.735000000000003 
Run: 2, Task: 5, AL cycle: 6 / 7
Acc_vector: [53.31 17.55  7.91 13.8  58.03 15.52], Mean: 27.686666666666667 
Run: 2, Task: 5, AL cycle: 7 / 7
Acc_vector: [53.9  16.96  7.76 13.64 58.18 15.82], Mean: 27.709999999999997 

 Finish Run 2: total 574.5766785144806 sec

 ######## Run 3, cls_order :[14, 3, 6, 10, 13, 5, 8, 12, 17, 1, 0, 15, 16, 2, 4, 9, 7, 11] ########
Create exp stream : 6 tasks,  classes order [8, 12, 17, 1, 0, 15, 16, 2, 4, 9, 7, 11] 
Input shape (L, D): (200, 3)
Training set size: 10875; Val set size: 1213; Test set size: 4030
buffer has 600 slots
ER mode: task, NCM classifier: False
AL strategy: UncertaintyWithDiversity
Batch size: 600
Task 0: contains 1839 train samples
Task 0: contains 205 val samples
Task 0: contains 682 test samples
Task 1: contains 1817 train samples
Task 1: contains 203 val samples
Task 1: contains 674 test samples
Task 2: contains 1840 train samples
Task 2: contains 205 val samples
Task 2: contains 681 test samples
Task 3: contains 1783 train samples
Task 3: contains 199 val samples
Task 3: contains 660 test samples
Task 4: contains 1769 train samples
Task 4: contains 197 val samples
Task 4: contains 655 test samples
Task 5: contains 1827 train samples
Task 5: contains 204 val samples
Task 5: contains 678 test samples
Number of samples in current task: 1839
# Number of samples in the AL cycle: 91
Run: 3, Task: 0, AL cycle: 1 / 7
Acc_vector: [94.28  0.    0.    0.    0.    0.  ], Mean: 94.28 
Run: 3, Task: 0, AL cycle: 2 / 7
Acc_vector: [91.64  0.    0.    0.    0.    0.  ], Mean: 91.64 
Run: 3, Task: 0, AL cycle: 3 / 7
Acc_vector: [89.15  0.    0.    0.    0.    0.  ], Mean: 89.15 
Run: 3, Task: 0, AL cycle: 4 / 7
Acc_vector: [86.22  0.    0.    0.    0.    0.  ], Mean: 86.22 
Run: 3, Task: 0, AL cycle: 5 / 7
Acc_vector: [84.31  0.    0.    0.    0.    0.  ], Mean: 84.31 
Run: 3, Task: 0, AL cycle: 6 / 7
Acc_vector: [82.99  0.    0.    0.    0.    0.  ], Mean: 82.99 
Run: 3, Task: 0, AL cycle: 7 / 7
Acc_vector: [80.5  0.   0.   0.   0.   0. ], Mean: 80.5 
Number of samples in current task: 1817
# Number of samples in the AL cycle: 90
Run: 3, Task: 1, AL cycle: 1 / 7
Acc_vector: [30.35 88.28  0.    0.    0.    0.  ], Mean: 59.315 
Run: 3, Task: 1, AL cycle: 2 / 7
Acc_vector: [29.18 87.09  0.    0.    0.    0.  ], Mean: 58.135000000000005 
Run: 3, Task: 1, AL cycle: 3 / 7
Acc_vector: [28.15 86.8   0.    0.    0.    0.  ], Mean: 57.474999999999994 
Run: 3, Task: 1, AL cycle: 4 / 7
Acc_vector: [27.27 86.35  0.    0.    0.    0.  ], Mean: 56.809999999999995 
Run: 3, Task: 1, AL cycle: 5 / 7
Acc_vector: [23.9  86.05  0.    0.    0.    0.  ], Mean: 54.974999999999994 
Run: 3, Task: 1, AL cycle: 6 / 7
Acc_vector: [23.02 85.16  0.    0.    0.    0.  ], Mean: 54.089999999999996 
Run: 3, Task: 1, AL cycle: 7 / 7
Acc_vector: [22.14 83.23  0.    0.    0.    0.  ], Mean: 52.685 
Number of samples in current task: 1840
# Number of samples in the AL cycle: 92
Run: 3, Task: 2, AL cycle: 1 / 7
Acc_vector: [27.86 65.88 71.95  0.    0.    0.  ], Mean: 55.23 
Run: 3, Task: 2, AL cycle: 2 / 7
Acc_vector: [23.31 31.45 78.56  0.    0.    0.  ], Mean: 44.44 
Run: 3, Task: 2, AL cycle: 3 / 7
Acc_vector: [23.31 31.6  78.27  0.    0.    0.  ], Mean: 44.39333333333334 
Run: 3, Task: 2, AL cycle: 4 / 7
Acc_vector: [23.46 31.75 78.12  0.    0.    0.  ], Mean: 44.443333333333335 
Run: 3, Task: 2, AL cycle: 5 / 7
Acc_vector: [23.61 32.49 77.83  0.    0.    0.  ], Mean: 44.64333333333334 
Run: 3, Task: 2, AL cycle: 6 / 7
Acc_vector: [23.61 32.94 77.68  0.    0.    0.  ], Mean: 44.74333333333334 
Run: 3, Task: 2, AL cycle: 7 / 7
Acc_vector: [35.19 58.01 83.11  0.    0.    0.  ], Mean: 58.77 
Number of samples in current task: 1783
# Number of samples in the AL cycle: 89
Run: 3, Task: 3, AL cycle: 1 / 7
Acc_vector: [50.15 48.07 55.21 50.61  0.    0.  ], Mean: 51.010000000000005 
Run: 3, Task: 3, AL cycle: 2 / 7
Acc_vector: [41.79 42.58 36.86 65.    0.    0.  ], Mean: 46.557500000000005 
Run: 3, Task: 3, AL cycle: 3 / 7
Acc_vector: [41.2  47.03 55.36 67.12  0.    0.  ], Mean: 52.6775 
Run: 3, Task: 3, AL cycle: 4 / 7
Acc_vector: [37.68 48.22 56.09 76.97  0.    0.  ], Mean: 54.74 
Run: 3, Task: 3, AL cycle: 5 / 7
Acc_vector: [35.19 48.37 54.92 83.48  0.    0.  ], Mean: 55.49000000000001 
Run: 3, Task: 3, AL cycle: 6 / 7
Acc_vector: [35.78 48.07 54.33 83.94  0.    0.  ], Mean: 55.53 
Run: 3, Task: 3, AL cycle: 7 / 7
Acc_vector: [35.92 48.22 54.63 83.94  0.    0.  ], Mean: 55.6775 
Number of samples in current task: 1769
# Number of samples in the AL cycle: 88
Run: 3, Task: 4, AL cycle: 1 / 7
Acc_vector: [43.26 51.04 54.33 63.18 20.61  0.  ], Mean: 46.484 
Run: 3, Task: 4, AL cycle: 2 / 7
Acc_vector: [39.74 42.88 44.79 62.73 44.27  0.  ], Mean: 46.882 
Run: 3, Task: 4, AL cycle: 3 / 7
Acc_vector: [40.18 43.47 45.81 63.18 44.58  0.  ], Mean: 47.444 
Run: 3, Task: 4, AL cycle: 4 / 7
Acc_vector: [39.59 45.55 45.96 63.33 51.76  0.  ], Mean: 49.238 
Run: 3, Task: 4, AL cycle: 5 / 7
Acc_vector: [39.74 45.4  45.81 63.33 51.15  0.  ], Mean: 49.086 
Run: 3, Task: 4, AL cycle: 6 / 7
Acc_vector: [39.74 45.25 45.81 63.18 50.53  0.  ], Mean: 48.902 
Run: 3, Task: 4, AL cycle: 7 / 7
Acc_vector: [39.74 45.25 45.81 62.88 50.69  0.  ], Mean: 48.874 
Number of samples in current task: 1827
# Number of samples in the AL cycle: 91
Run: 3, Task: 5, AL cycle: 1 / 7
Acc_vector: [45.16 45.4  45.81 63.18 19.24  7.82], Mean: 37.76833333333334 
Run: 3, Task: 5, AL cycle: 2 / 7
Acc_vector: [36.66 48.37 46.26 72.42 14.66 18.58], Mean: 39.49166666666667 
Run: 3, Task: 5, AL cycle: 3 / 7
Acc_vector: [37.68 53.56 47.28 63.03  5.34 19.76], Mean: 37.775 
Run: 3, Task: 5, AL cycle: 4 / 7
Acc_vector: [37.68 53.71 47.28 63.03  5.34 19.47], Mean: 37.75166666666667 
Run: 3, Task: 5, AL cycle: 5 / 7
Acc_vector: [37.68 54.3  46.99 64.55  5.5  21.24], Mean: 38.376666666666665 
Run: 3, Task: 5, AL cycle: 6 / 7
Acc_vector: [37.39 54.45 46.99 64.7   5.5  21.09], Mean: 38.35333333333334 
Run: 3, Task: 5, AL cycle: 7 / 7
Acc_vector: [39.   49.55 46.7  66.21  7.63 24.63], Mean: 38.953333333333326 

 Finish Run 3: total 663.3172373771667 sec

 ######## Run 4, cls_order :[10, 6, 12, 9, 15, 0, 17, 5, 1, 7, 11, 8, 16, 3, 2, 13, 14, 4] ########
Create exp stream : 6 tasks,  classes order [17, 5, 1, 7, 11, 8, 16, 3, 2, 13, 14, 4] 
Input shape (L, D): (200, 3)
Training set size: 10831; Val set size: 1208; Test set size: 4014
buffer has 600 slots
ER mode: task, NCM classifier: False
AL strategy: UncertaintyWithDiversity
Batch size: 600
Task 0: contains 1742 train samples
Task 0: contains 195 val samples
Task 0: contains 646 test samples
Task 1: contains 1836 train samples
Task 1: contains 205 val samples
Task 1: contains 681 test samples
Task 2: contains 1796 train samples
Task 2: contains 200 val samples
Task 2: contains 666 test samples
Task 3: contains 1812 train samples
Task 3: contains 202 val samples
Task 3: contains 672 test samples
Task 4: contains 1798 train samples
Task 4: contains 200 val samples
Task 4: contains 665 test samples
Task 5: contains 1847 train samples
Task 5: contains 206 val samples
Task 5: contains 684 test samples
Number of samples in current task: 1742
# Number of samples in the AL cycle: 87
Run: 4, Task: 0, AL cycle: 1 / 7

 ######## Run 0, cls_order :[11, 3, 17, 10, 13, 14, 0, 2, 16, 7, 1, 9, 8, 4, 12, 5, 6, 15] ########
Create exp stream : 6 tasks,  classes order [0, 2, 16, 7, 1, 9, 8, 4, 12, 5, 6, 15] 
Input shape (L, D): (200, 3)
Training set size: 10825; Val set size: 1207; Test set size: 4010
buffer has 600 slots
ER mode: task, NCM classifier: False
AL strategy: UncertaintyWithDiversity
Batch size: 600
Task 0: contains 1824 train samples
Task 0: contains 203 val samples
Task 0: contains 675 test samples
Task 1: contains 1833 train samples
Task 1: contains 205 val samples
Task 1: contains 680 test samples
Task 2: contains 1766 train samples
Task 2: contains 197 val samples
Task 2: contains 654 test samples
Task 3: contains 1808 train samples
Task 3: contains 201 val samples
Task 3: contains 670 test samples
Task 4: contains 1789 train samples
Task 4: contains 200 val samples
Task 4: contains 663 test samples
Task 5: contains 1805 train samples
Task 5: contains 201 val samples
Task 5: contains 668 test samples
Number of samples in current task: 1824
# Number of samples in the AL cycle: 91
Run: 0, Task: 0, AL cycle: 1 / 7
Acc_vector: [61.33  0.    0.    0.    0.    0.  ], Mean: 61.33 
task_columns: ['task_1', 'task_2', 'task_3', 'task_4', 'task_5', 'task_6']
Run: 0, Task: 0, AL cycle: 2 / 7
Acc_vector: [64.  0.  0.  0.  0.  0.], Mean: 64.0 
Run: 0, Task: 0, AL cycle: 3 / 7
Acc_vector: [64.3  0.   0.   0.   0.   0. ], Mean: 64.3 
Run: 0, Task: 0, AL cycle: 4 / 7
Acc_vector: [64.15  0.    0.    0.    0.    0.  ], Mean: 64.15 
Run: 0, Task: 0, AL cycle: 5 / 7
Acc_vector: [64.15  0.    0.    0.    0.    0.  ], Mean: 64.15 
Run: 0, Task: 0, AL cycle: 6 / 7
Acc_vector: [63.41  0.    0.    0.    0.    0.  ], Mean: 63.41 
Run: 0, Task: 0, AL cycle: 7 / 7
Acc_vector: [62.22  0.    0.    0.    0.    0.  ], Mean: 62.22 
Number of samples in current task: 1833
# Number of samples in the AL cycle: 91
Run: 0, Task: 1, AL cycle: 1 / 7
Acc_vector: [44.   53.53  0.    0.    0.    0.  ], Mean: 48.765 
Run: 0, Task: 1, AL cycle: 2 / 7
Acc_vector: [54.67 66.47  0.    0.    0.    0.  ], Mean: 60.57 
Run: 0, Task: 1, AL cycle: 3 / 7
Acc_vector: [54.37 66.03  0.    0.    0.    0.  ], Mean: 60.2 
Run: 0, Task: 1, AL cycle: 4 / 7
Acc_vector: [54.07 66.76  0.    0.    0.    0.  ], Mean: 60.415000000000006 
Run: 0, Task: 1, AL cycle: 5 / 7
Acc_vector: [53.78 67.06  0.    0.    0.    0.  ], Mean: 60.42 
Run: 0, Task: 1, AL cycle: 6 / 7
Acc_vector: [53.78 67.65  0.    0.    0.    0.  ], Mean: 60.715 
Run: 0, Task: 1, AL cycle: 7 / 7
Acc_vector: [55.7  71.62  0.    0.    0.    0.  ], Mean: 63.660000000000004 
Number of samples in current task: 1766
# Number of samples in the AL cycle: 88
Run: 0, Task: 2, AL cycle: 1 / 7
Acc_vector: [53.78 54.12 67.13  0.    0.    0.  ], Mean: 58.343333333333334 
Run: 0, Task: 2, AL cycle: 2 / 7
Acc_vector: [46.37 30.88 83.79  0.    0.    0.  ], Mean: 53.68000000000001 
Run: 0, Task: 2, AL cycle: 3 / 7
Acc_vector: [47.85 29.12 84.4   0.    0.    0.  ], Mean: 53.79 
Run: 0, Task: 2, AL cycle: 4 / 7
Acc_vector: [48.15 27.06 84.4   0.    0.    0.  ], Mean: 53.20333333333334 
Run: 0, Task: 2, AL cycle: 5 / 7
Acc_vector: [48.   27.35 84.25  0.    0.    0.  ], Mean: 53.199999999999996 
Run: 0, Task: 2, AL cycle: 6 / 7
Acc_vector: [48.3  27.5  84.25  0.    0.    0.  ], Mean: 53.35 
Run: 0, Task: 2, AL cycle: 7 / 7
Acc_vector: [48.3  28.09 84.25  0.    0.    0.  ], Mean: 53.54666666666666 
Number of samples in current task: 1808
# Number of samples in the AL cycle: 90
Run: 0, Task: 3, AL cycle: 1 / 7
Acc_vector: [57.33 45.44 66.21 16.57  0.    0.  ], Mean: 46.387499999999996 
Run: 0, Task: 3, AL cycle: 2 / 7
Acc_vector: [58.81 51.32 55.66 15.82  0.    0.  ], Mean: 45.402499999999996 
Run: 0, Task: 3, AL cycle: 3 / 7
Acc_vector: [66.22 46.03 64.22 12.09  0.    0.  ], Mean: 47.14 
Run: 0, Task: 3, AL cycle: 4 / 7
Acc_vector: [66.22 45.74 63.61 15.37  0.    0.  ], Mean: 47.735 
Run: 0, Task: 3, AL cycle: 5 / 7
Acc_vector: [65.48 45.74 62.84 15.82  0.    0.  ], Mean: 47.47 
Run: 0, Task: 3, AL cycle: 6 / 7
Acc_vector: [62.67 47.06 55.5  17.46  0.    0.  ], Mean: 45.67250000000001 
Run: 0, Task: 3, AL cycle: 7 / 7
Acc_vector: [62.96 47.5  54.89 17.31  0.    0.  ], Mean: 45.665000000000006 
Number of samples in current task: 1789
# Number of samples in the AL cycle: 89
Run: 0, Task: 4, AL cycle: 1 / 7
Acc_vector: [65.04 32.65 61.62 14.18 37.1   0.  ], Mean: 42.118 
Run: 0, Task: 4, AL cycle: 2 / 7
Acc_vector: [59.56 27.79 56.57  9.85 47.81  0.  ], Mean: 40.315999999999995 
Run: 0, Task: 4, AL cycle: 3 / 7
Acc_vector: [59.7  27.94 56.42 10.3  47.81  0.  ], Mean: 40.434000000000005 
Run: 0, Task: 4, AL cycle: 4 / 7
Acc_vector: [60.3  27.94 56.57 10.   47.81  0.  ], Mean: 40.524 
Run: 0, Task: 4, AL cycle: 5 / 7
Acc_vector: [60.59 28.24 56.73 10.15 47.66  0.  ], Mean: 40.674 
Run: 0, Task: 4, AL cycle: 6 / 7
Acc_vector: [60.74 28.24 56.73 10.3  47.66  0.  ], Mean: 40.734 
Run: 0, Task: 4, AL cycle: 7 / 7
Acc_vector: [61.04 28.38 56.73 10.3  47.66  0.  ], Mean: 40.822 
Number of samples in current task: 1805
# Number of samples in the AL cycle: 90
Run: 0, Task: 5, AL cycle: 1 / 7
Acc_vector: [68.   31.91 63.76 12.54 32.28 10.03], Mean: 36.419999999999995 
Run: 0, Task: 5, AL cycle: 2 / 7
Acc_vector: [66.07 26.76 48.01  3.58 31.07 20.66], Mean: 32.69166666666667 
Run: 0, Task: 5, AL cycle: 3 / 7
Acc_vector: [66.96 25.44 51.68  3.13 31.07 20.96], Mean: 33.20666666666666 
Run: 0, Task: 5, AL cycle: 4 / 7
Acc_vector: [68.3  28.38 63.    8.36 30.92 19.31], Mean: 36.37833333333334 
Run: 0, Task: 5, AL cycle: 5 / 7
Acc_vector: [68.   28.38 63.76  8.36 30.92 19.16], Mean: 36.43 
Run: 0, Task: 5, AL cycle: 6 / 7
Acc_vector: [68.15 28.38 63.61  8.36 30.92 19.01], Mean: 36.405 
Run: 0, Task: 5, AL cycle: 7 / 7
Acc_vector: [67.85 28.24 64.07  8.36 30.62 18.86], Mean: 36.333333333333336 

 Finish Run 0: total 609.9562828540802 sec

 ######## Run 1, cls_order :[1, 13, 12, 5, 4, 17, 15, 10, 0, 8, 9, 6, 14, 7, 3, 16, 2, 11] ########
Create exp stream : 6 tasks,  classes order [15, 10, 0, 8, 9, 6, 14, 7, 3, 16, 2, 11] 
Input shape (L, D): (200, 3)
Training set size: 10909; Val set size: 1216; Test set size: 4042
buffer has 600 slots
ER mode: task, NCM classifier: False
AL strategy: UncertaintyWithDiversity
Batch size: 600
Task 0: contains 1858 train samples
Task 0: contains 207 val samples
Task 0: contains 688 test samples
Task 1: contains 1843 train samples
Task 1: contains 205 val samples
Task 1: contains 683 test samples
Task 2: contains 1769 train samples
Task 2: contains 197 val samples
Task 2: contains 655 test samples
Task 3: contains 1850 train samples
Task 3: contains 207 val samples
Task 3: contains 686 test samples
Task 4: contains 1812 train samples
Task 4: contains 202 val samples
Task 4: contains 672 test samples
Task 5: contains 1777 train samples
Task 5: contains 198 val samples
Task 5: contains 658 test samples
Number of samples in current task: 1858
# Number of samples in the AL cycle: 92
Run: 1, Task: 0, AL cycle: 1 / 7
Acc_vector: [59.88  0.    0.    0.    0.    0.  ], Mean: 59.88 
Run: 1, Task: 0, AL cycle: 2 / 7
Acc_vector: [60.47  0.    0.    0.    0.    0.  ], Mean: 60.47 
Run: 1, Task: 0, AL cycle: 3 / 7
Acc_vector: [61.05  0.    0.    0.    0.    0.  ], Mean: 61.05 
Run: 1, Task: 0, AL cycle: 4 / 7
Acc_vector: [62.94  0.    0.    0.    0.    0.  ], Mean: 62.94 
Run: 1, Task: 0, AL cycle: 5 / 7
Acc_vector: [70.2  0.   0.   0.   0.   0. ], Mean: 70.2 
Run: 1, Task: 0, AL cycle: 6 / 7
Acc_vector: [69.19  0.    0.    0.    0.    0.  ], Mean: 69.19 
Run: 1, Task: 0, AL cycle: 7 / 7
Acc_vector: [69.33  0.    0.    0.    0.    0.  ], Mean: 69.33 
Number of samples in current task: 1843
# Number of samples in the AL cycle: 92
Run: 1, Task: 1, AL cycle: 1 / 7
Acc_vector: [59.16 48.61  0.    0.    0.    0.  ], Mean: 53.885 
Run: 1, Task: 1, AL cycle: 2 / 7
Acc_vector: [20.49 75.4   0.    0.    0.    0.  ], Mean: 47.945 
Run: 1, Task: 1, AL cycle: 3 / 7
Acc_vector: [17.15 75.84  0.    0.    0.    0.  ], Mean: 46.495000000000005 
Run: 1, Task: 1, AL cycle: 4 / 7
Acc_vector: [16.72 76.13  0.    0.    0.    0.  ], Mean: 46.425 
Run: 1, Task: 1, AL cycle: 5 / 7
Acc_vector: [15.99 75.4   0.    0.    0.    0.  ], Mean: 45.695 
Run: 1, Task: 1, AL cycle: 6 / 7
Acc_vector: [15.7  74.96  0.    0.    0.    0.  ], Mean: 45.33 
Run: 1, Task: 1, AL cycle: 7 / 7
Acc_vector: [15.26 74.52  0.    0.    0.    0.  ], Mean: 44.89 
Number of samples in current task: 1769
# Number of samples in the AL cycle: 88
Run: 1, Task: 2, AL cycle: 1 / 7
Acc_vector: [50.73 38.8  13.89  0.    0.    0.  ], Mean: 34.473333333333336 
Run: 1, Task: 2, AL cycle: 2 / 7
Acc_vector: [49.42 38.65 14.2   0.    0.    0.  ], Mean: 34.089999999999996 
Run: 1, Task: 2, AL cycle: 3 / 7
Acc_vector: [48.98 40.56 12.98  0.    0.    0.  ], Mean: 34.17333333333333 
Run: 1, Task: 2, AL cycle: 4 / 7
Acc_vector: [48.98 40.12 13.28  0.    0.    0.  ], Mean: 34.126666666666665 
Run: 1, Task: 2, AL cycle: 5 / 7
Acc_vector: [48.55 40.12 13.28  0.    0.    0.  ], Mean: 33.98333333333333 
Run: 1, Task: 2, AL cycle: 6 / 7
Acc_vector: [48.26 40.12 14.05  0.    0.    0.  ], Mean: 34.14333333333333 
Run: 1, Task: 2, AL cycle: 7 / 7
Acc_vector: [46.66 40.12 15.42  0.    0.    0.  ], Mean: 34.06666666666667 
Number of samples in current task: 1850
# Number of samples in the AL cycle: 92
Run: 1, Task: 3, AL cycle: 1 / 7
Acc_vector: [34.88 16.4   8.4  20.7   0.    0.  ], Mean: 20.095 
Run: 1, Task: 3, AL cycle: 2 / 7
Acc_vector: [27.03 16.54  6.56 45.92  0.    0.  ], Mean: 24.012500000000003 
Run: 1, Task: 3, AL cycle: 3 / 7
Acc_vector: [26.89 16.54  6.56 45.77  0.    0.  ], Mean: 23.94 
Run: 1, Task: 3, AL cycle: 4 / 7
Acc_vector: [26.6  16.54  6.56 46.5   0.    0.  ], Mean: 24.05 
Run: 1, Task: 3, AL cycle: 5 / 7
Acc_vector: [26.31 17.28  6.41 46.94  0.    0.  ], Mean: 24.235 
Run: 1, Task: 3, AL cycle: 6 / 7
Acc_vector: [25.58 17.72  6.26 47.52  0.    0.  ], Mean: 24.27 
Run: 1, Task: 3, AL cycle: 7 / 7
Acc_vector: [24.71 18.89  5.19 48.25  0.    0.  ], Mean: 24.259999999999998 
Number of samples in current task: 1812
# Number of samples in the AL cycle: 90
Run: 1, Task: 4, AL cycle: 1 / 7
Acc_vector: [32.27 29.58  5.65 18.08 29.91  0.  ], Mean: 23.098 
Run: 1, Task: 4, AL cycle: 2 / 7
Acc_vector: [28.05 27.67  5.65 16.03 37.35  0.  ], Mean: 22.95 
Run: 1, Task: 4, AL cycle: 3 / 7
Acc_vector: [25.15 29.43  5.34 15.74 38.84  0.  ], Mean: 22.9 
Run: 1, Task: 4, AL cycle: 4 / 7
Acc_vector: [26.02 28.11  5.5  14.58 39.14  0.  ], Mean: 22.669999999999998 
Run: 1, Task: 4, AL cycle: 5 / 7
Acc_vector: [28.92 27.82  4.43 13.27 41.22  0.  ], Mean: 23.131999999999998 
Run: 1, Task: 4, AL cycle: 6 / 7
Acc_vector: [29.07 27.82  4.58 13.41 41.07  0.  ], Mean: 23.189999999999998 
Run: 1, Task: 4, AL cycle: 7 / 7
Acc_vector: [29.07 27.82  4.58 12.97 41.22  0.  ], Mean: 23.131999999999998 
Number of samples in current task: 1777
# Number of samples in the AL cycle: 88
Run: 1, Task: 5, AL cycle: 1 / 7
Acc_vector: [35.17  4.25  7.48 13.41 23.51 24.01], Mean: 17.971666666666668 
Run: 1, Task: 5, AL cycle: 2 / 7
Acc_vector: [32.99 23.13  4.12  9.04 21.58 32.83], Mean: 20.615 
Run: 1, Task: 5, AL cycle: 3 / 7
Acc_vector: [31.69 22.99  4.27  9.18 19.2  35.41], Mean: 20.456666666666667 
Run: 1, Task: 5, AL cycle: 4 / 7
Acc_vector: [31.25 22.69  4.12  9.18 19.79 36.17], Mean: 20.533333333333335 
Run: 1, Task: 5, AL cycle: 5 / 7
Acc_vector: [31.25 22.55  3.97  9.18 20.39 36.02], Mean: 20.56 
Run: 1, Task: 5, AL cycle: 6 / 7
Acc_vector: [31.25 22.11  4.12  9.33 20.54 36.47], Mean: 20.636666666666667 
Run: 1, Task: 5, AL cycle: 7 / 7
Acc_vector: [31.25 22.4   4.12  9.33 20.83 36.32], Mean: 20.708333333333332 

 Finish Run 1: total 555.3469932079315 sec

 ######## Run 2, cls_order :[5, 0, 2, 10, 13, 6, 17, 14, 16, 4, 7, 15, 8, 9, 12, 1, 11, 3] ########
Create exp stream : 6 tasks,  classes order [17, 14, 16, 4, 7, 15, 8, 9, 12, 1, 11, 3] 
Input shape (L, D): (200, 3)
Training set size: 10880; Val set size: 1214; Test set size: 4033
buffer has 600 slots
ER mode: task, NCM classifier: False
AL strategy: UncertaintyWithDiversity
Batch size: 600
Task 0: contains 1831 train samples
Task 0: contains 205 val samples
Task 0: contains 679 test samples
Task 1: contains 1830 train samples
Task 1: contains 204 val samples
Task 1: contains 678 test samples
Task 2: contains 1808 train samples
Task 2: contains 202 val samples
Task 2: contains 670 test samples
Task 3: contains 1741 train samples
Task 3: contains 194 val samples
Task 3: contains 645 test samples
Task 4: contains 1864 train samples
Task 4: contains 208 val samples
Task 4: contains 691 test samples
Task 5: contains 1806 train samples
Task 5: contains 201 val samples
Task 5: contains 670 test samples
Number of samples in current task: 1831
# Number of samples in the AL cycle: 91
Run: 2, Task: 0, AL cycle: 1 / 7
Acc_vector: [64.65  0.    0.    0.    0.    0.  ], Mean: 64.65 
Run: 2, Task: 0, AL cycle: 2 / 7
Acc_vector: [62.44  0.    0.    0.    0.    0.  ], Mean: 62.44 
Run: 2, Task: 0, AL cycle: 3 / 7
Acc_vector: [59.2  0.   0.   0.   0.   0. ], Mean: 59.2 
Run: 2, Task: 0, AL cycle: 4 / 7
Acc_vector: [58.17  0.    0.    0.    0.    0.  ], Mean: 58.17 
Run: 2, Task: 0, AL cycle: 5 / 7
Acc_vector: [57.29  0.    0.    0.    0.    0.  ], Mean: 57.29 
Run: 2, Task: 0, AL cycle: 6 / 7
Acc_vector: [56.55  0.    0.    0.    0.    0.  ], Mean: 56.55 
Run: 2, Task: 0, AL cycle: 7 / 7
Acc_vector: [55.67  0.    0.    0.    0.    0.  ], Mean: 55.67 
Number of samples in current task: 1830
# Number of samples in the AL cycle: 91
Run: 2, Task: 1, AL cycle: 1 / 7
Acc_vector: [ 5.74 81.42  0.    0.    0.    0.  ], Mean: 43.58 
Run: 2, Task: 1, AL cycle: 2 / 7
Acc_vector: [ 5.3  81.42  0.    0.    0.    0.  ], Mean: 43.36 
Run: 2, Task: 1, AL cycle: 3 / 7
Acc_vector: [ 5.15 81.71  0.    0.    0.    0.  ], Mean: 43.43 
Run: 2, Task: 1, AL cycle: 4 / 7
Acc_vector: [ 5.15 81.27  0.    0.    0.    0.  ], Mean: 43.21 
Run: 2, Task: 1, AL cycle: 5 / 7
Acc_vector: [11.78 85.69  0.    0.    0.    0.  ], Mean: 48.735 
Run: 2, Task: 1, AL cycle: 6 / 7
Acc_vector: [12.37 85.99  0.    0.    0.    0.  ], Mean: 49.18 
Run: 2, Task: 1, AL cycle: 7 / 7
Acc_vector: [15.61 88.94  0.    0.    0.    0.  ], Mean: 52.275 
Number of samples in current task: 1808
# Number of samples in the AL cycle: 90
Run: 2, Task: 2, AL cycle: 1 / 7
Acc_vector: [35.64 47.79 36.12  0.    0.    0.  ], Mean: 39.85 
Run: 2, Task: 2, AL cycle: 2 / 7
Acc_vector: [44.77 40.41 48.36  0.    0.    0.  ], Mean: 44.51333333333334 
Run: 2, Task: 2, AL cycle: 3 / 7
Acc_vector: [43.   37.61 47.31  0.    0.    0.  ], Mean: 42.64 
Run: 2, Task: 2, AL cycle: 4 / 7
Acc_vector: [43.15 37.61 47.31  0.    0.    0.  ], Mean: 42.69 
Run: 2, Task: 2, AL cycle: 5 / 7
Acc_vector: [43.45 37.76 48.66  0.    0.    0.  ], Mean: 43.29 
Run: 2, Task: 2, AL cycle: 6 / 7
Acc_vector: [43.59 37.32 48.81  0.    0.    0.  ], Mean: 43.24 
Run: 2, Task: 2, AL cycle: 7 / 7
Acc_vector: [53.02 18.58 53.88  0.    0.    0.  ], Mean: 41.82666666666666 
Number of samples in current task: 1741
# Number of samples in the AL cycle: 87
Run: 2, Task: 3, AL cycle: 1 / 7
Acc_vector: [56.85 27.88 17.01 29.15  0.    0.  ], Mean: 32.722500000000004 
Run: 2, Task: 3, AL cycle: 2 / 7
Acc_vector: [58.03 17.7  19.4  36.28  0.    0.  ], Mean: 32.8525 
Run: 2, Task: 3, AL cycle: 3 / 7
Acc_vector: [57.29 17.4  19.55 37.67  0.    0.  ], Mean: 32.9775 
Run: 2, Task: 3, AL cycle: 4 / 7
Acc_vector: [57.44 17.4  18.51 38.91  0.    0.  ], Mean: 33.065 
Run: 2, Task: 3, AL cycle: 5 / 7
Acc_vector: [57.29 16.96 18.36 39.22  0.    0.  ], Mean: 32.957499999999996 
Run: 2, Task: 3, AL cycle: 6 / 7
Acc_vector: [56.7  17.11 18.96 39.38  0.    0.  ], Mean: 33.0375 
Run: 2, Task: 3, AL cycle: 7 / 7
Acc_vector: [56.11 17.4  19.1  39.53  0.    0.  ], Mean: 33.035 
Number of samples in current task: 1864
# Number of samples in the AL cycle: 93
Run: 2, Task: 4, AL cycle: 1 / 7
Acc_vector: [61.12 18.58  4.93 26.2  66.57  0.  ], Mean: 35.48 
Run: 2, Task: 4, AL cycle: 2 / 7
Acc_vector: [62.89 13.72 17.31 21.86 75.4   0.  ], Mean: 38.236000000000004 
Run: 2, Task: 4, AL cycle: 3 / 7
Acc_vector: [62.89 12.98 17.46 21.09 75.11  0.  ], Mean: 37.906000000000006 
Run: 2, Task: 4, AL cycle: 4 / 7
Acc_vector: [58.47 14.31 18.06 21.09 83.07  0.  ], Mean: 39.0 
Run: 2, Task: 4, AL cycle: 5 / 7
Acc_vector: [52.43 16.67 10.75 15.81 82.63  0.  ], Mean: 35.658 
Run: 2, Task: 4, AL cycle: 6 / 7
Acc_vector: [54.93  9.   15.22 17.83 84.52  0.  ], Mean: 36.3 
Run: 2, Task: 4, AL cycle: 7 / 7
Acc_vector: [54.2   9.   15.52 16.9  85.09  0.  ], Mean: 36.142 
Number of samples in current task: 1806
# Number of samples in the AL cycle: 90
Run: 2, Task: 5, AL cycle: 1 / 7
Acc_vector: [58.03  8.55 17.16 17.67 70.48 15.37], Mean: 31.209999999999997 
Run: 2, Task: 5, AL cycle: 2 / 7
Acc_vector: [57.88  6.19 11.04 13.02 73.37 18.06], Mean: 29.926666666666666 
Run: 2, Task: 5, AL cycle: 3 / 7
Acc_vector: [58.17  6.19 11.04 12.87 72.94 17.76], Mean: 29.828333333333333 
Run: 2, Task: 5, AL cycle: 4 / 7
Acc_vector: [58.03  6.05 10.9  12.71 72.79 17.46], Mean: 29.65666666666667 
Run: 2, Task: 5, AL cycle: 5 / 7
Acc_vector: [57.44  6.05 11.49 12.71 72.36 17.31], Mean: 29.560000000000002 
Run: 2, Task: 5, AL cycle: 6 / 7
Acc_vector: [56.85  5.9  11.49 12.71 71.92 17.46], Mean: 29.388333333333335 
Run: 2, Task: 5, AL cycle: 7 / 7
Acc_vector: [56.11  5.6  11.64 12.56 71.78 17.31], Mean: 29.166666666666668 

 Finish Run 2: total 653.183492898941 sec

 ######## Run 3, cls_order :[14, 3, 6, 10, 13, 5, 8, 12, 17, 1, 0, 15, 16, 2, 4, 9, 7, 11] ########
Create exp stream : 6 tasks,  classes order [8, 12, 17, 1, 0, 15, 16, 2, 4, 9, 7, 11] 
Input shape (L, D): (200, 3)
Training set size: 10875; Val set size: 1213; Test set size: 4030
buffer has 600 slots
ER mode: task, NCM classifier: False
AL strategy: UncertaintyWithDiversity
Batch size: 600
Task 0: contains 1839 train samples
Task 0: contains 205 val samples
Task 0: contains 682 test samples
Task 1: contains 1817 train samples
Task 1: contains 203 val samples
Task 1: contains 674 test samples
Task 2: contains 1840 train samples
Task 2: contains 205 val samples
Task 2: contains 681 test samples
Task 3: contains 1783 train samples
Task 3: contains 199 val samples
Task 3: contains 660 test samples
Task 4: contains 1769 train samples
Task 4: contains 197 val samples
Task 4: contains 655 test samples
Task 5: contains 1827 train samples
Task 5: contains 204 val samples
Task 5: contains 678 test samples
Number of samples in current task: 1839
# Number of samples in the AL cycle: 91
Run: 3, Task: 0, AL cycle: 1 / 7
Acc_vector: [94.28  0.    0.    0.    0.    0.  ], Mean: 94.28 
Run: 3, Task: 0, AL cycle: 2 / 7
Acc_vector: [91.64  0.    0.    0.    0.    0.  ], Mean: 91.64 
Run: 3, Task: 0, AL cycle: 3 / 7
Acc_vector: [89.15  0.    0.    0.    0.    0.  ], Mean: 89.15 
Run: 3, Task: 0, AL cycle: 4 / 7
Acc_vector: [86.22  0.    0.    0.    0.    0.  ], Mean: 86.22 
Run: 3, Task: 0, AL cycle: 5 / 7
Acc_vector: [84.31  0.    0.    0.    0.    0.  ], Mean: 84.31 
Run: 3, Task: 0, AL cycle: 6 / 7
Acc_vector: [82.99  0.    0.    0.    0.    0.  ], Mean: 82.99 
Run: 3, Task: 0, AL cycle: 7 / 7
Acc_vector: [80.5  0.   0.   0.   0.   0. ], Mean: 80.5 
Number of samples in current task: 1817
# Number of samples in the AL cycle: 90
Run: 3, Task: 1, AL cycle: 1 / 7
Acc_vector: [30.35 88.28  0.    0.    0.    0.  ], Mean: 59.315 
Run: 3, Task: 1, AL cycle: 2 / 7
Acc_vector: [29.18 87.09  0.    0.    0.    0.  ], Mean: 58.135000000000005 
Run: 3, Task: 1, AL cycle: 3 / 7
Acc_vector: [28.89 86.65  0.    0.    0.    0.  ], Mean: 57.77 
Run: 3, Task: 1, AL cycle: 4 / 7
Acc_vector: [25.81 86.35  0.    0.    0.    0.  ], Mean: 56.08 
Run: 3, Task: 1, AL cycle: 5 / 7
Acc_vector: [23.75 86.2   0.    0.    0.    0.  ], Mean: 54.975 
Run: 3, Task: 1, AL cycle: 6 / 7
Acc_vector: [22.29 85.16  0.    0.    0.    0.  ], Mean: 53.724999999999994 
Run: 3, Task: 1, AL cycle: 7 / 7
Acc_vector: [21.55 83.53  0.    0.    0.    0.  ], Mean: 52.54 
Number of samples in current task: 1840
# Number of samples in the AL cycle: 92
Run: 3, Task: 2, AL cycle: 1 / 7
Acc_vector: [29.03 63.5  69.02  0.    0.    0.  ], Mean: 53.85 
Run: 3, Task: 2, AL cycle: 2 / 7
Acc_vector: [27.27 36.05 77.68  0.    0.    0.  ], Mean: 47.0 
Run: 3, Task: 2, AL cycle: 3 / 7
Acc_vector: [26.98 36.8  77.24  0.    0.    0.  ], Mean: 47.00666666666666 
Run: 3, Task: 2, AL cycle: 4 / 7
Acc_vector: [42.23 46.14 81.5   0.    0.    0.  ], Mean: 56.623333333333335 
Run: 3, Task: 2, AL cycle: 5 / 7
Acc_vector: [41.94 46.29 81.2   0.    0.    0.  ], Mean: 56.47666666666667 
Run: 3, Task: 2, AL cycle: 6 / 7
Acc_vector: [42.08 46.29 81.35  0.    0.    0.  ], Mean: 56.57333333333333 
Run: 3, Task: 2, AL cycle: 7 / 7
Acc_vector: [42.08 46.74 81.35  0.    0.    0.  ], Mean: 56.72333333333333 
Number of samples in current task: 1783
# Number of samples in the AL cycle: 89
Run: 3, Task: 3, AL cycle: 1 / 7
Acc_vector: [51.61 59.79 61.09 34.55  0.    0.  ], Mean: 51.760000000000005 
Run: 3, Task: 3, AL cycle: 2 / 7
Acc_vector: [46.04 41.54 46.84 51.82  0.    0.  ], Mean: 46.56 
Run: 3, Task: 3, AL cycle: 3 / 7
Acc_vector: [45.89 41.25 46.99 52.42  0.    0.  ], Mean: 46.6375 
Run: 3, Task: 3, AL cycle: 4 / 7
Acc_vector: [45.89 41.84 46.84 53.33  0.    0.  ], Mean: 46.974999999999994 
Run: 3, Task: 3, AL cycle: 5 / 7
Acc_vector: [46.33 41.39 47.58 53.33  0.    0.  ], Mean: 47.1575 
Run: 3, Task: 3, AL cycle: 6 / 7
Acc_vector: [42.82 61.28 51.25 68.48  0.    0.  ], Mean: 55.957499999999996 
Run: 3, Task: 3, AL cycle: 7 / 7
Acc_vector: [41.94 59.94 53.01 69.39  0.    0.  ], Mean: 56.06999999999999 
Number of samples in current task: 1769
# Number of samples in the AL cycle: 88
Run: 3, Task: 4, AL cycle: 1 / 7
Acc_vector: [46.04 51.04 56.53 56.06 26.72  0.  ], Mean: 47.278000000000006 
Run: 3, Task: 4, AL cycle: 2 / 7
Acc_vector: [43.4  50.15 59.62 51.82 56.64  0.  ], Mean: 52.326 
Run: 3, Task: 4, AL cycle: 3 / 7
Acc_vector: [42.38 57.12 50.95 49.24 54.5   0.  ], Mean: 50.838 
Run: 3, Task: 4, AL cycle: 4 / 7
Acc_vector: [42.67 57.57 50.51 48.94 54.2   0.  ], Mean: 50.778 
Run: 3, Task: 4, AL cycle: 5 / 7
Acc_vector: [39.88 55.19 51.1  51.67 56.95  0.  ], Mean: 50.95799999999999 
Run: 3, Task: 4, AL cycle: 6 / 7
Acc_vector: [38.27 55.34 53.74 52.27 64.58  0.  ], Mean: 52.84000000000001 
Run: 3, Task: 4, AL cycle: 7 / 7
Acc_vector: [38.42 55.49 53.74 52.12 64.43  0.  ], Mean: 52.84000000000001 
Number of samples in current task: 1827
# Number of samples in the AL cycle: 91
Run: 3, Task: 5, AL cycle: 1 / 7
Acc_vector: [38.27 57.42 44.35 47.73 18.47 39.53], Mean: 40.961666666666666 
Run: 3, Task: 5, AL cycle: 2 / 7
Acc_vector: [35.19 53.56 43.76 47.58 14.5  44.54], Mean: 39.855 
Run: 3, Task: 5, AL cycle: 3 / 7
Acc_vector: [32.7  57.27 44.79 51.06 22.6  41.89], Mean: 41.718333333333334 
Run: 3, Task: 5, AL cycle: 4 / 7
Acc_vector: [32.7  57.57 44.79 51.21 22.6  42.18], Mean: 41.84166666666667 
Run: 3, Task: 5, AL cycle: 5 / 7
Acc_vector: [35.04 57.72 50.81 47.58 16.03 45.72], Mean: 42.15 
Run: 3, Task: 5, AL cycle: 6 / 7
Acc_vector: [35.19 58.16 50.81 47.42 15.88 45.72], Mean: 42.196666666666665 
Run: 3, Task: 5, AL cycle: 7 / 7
Acc_vector: [35.19 58.31 50.81 47.42 16.03 45.58], Mean: 42.223333333333336 

 Finish Run 3: total 709.4249179363251 sec

 ######## Run 4, cls_order :[10, 6, 12, 9, 15, 0, 17, 5, 1, 7, 11, 8, 16, 3, 2, 13, 14, 4] ########
Create exp stream : 6 tasks,  classes order [17, 5, 1, 7, 11, 8, 16, 3, 2, 13, 14, 4] 
Input shape (L, D): (200, 3)
Training set size: 10831; Val set size: 1208; Test set size: 4014
buffer has 600 slots
ER mode: task, NCM classifier: False
AL strategy: UncertaintyWithDiversity
Batch size: 600
Task 0: contains 1742 train samples
Task 0: contains 195 val samples
Task 0: contains 646 test samples
Task 1: contains 1836 train samples
Task 1: contains 205 val samples
Task 1: contains 681 test samples
Task 2: contains 1796 train samples
Task 2: contains 200 val samples
Task 2: contains 666 test samples
Task 3: contains 1812 train samples
Task 3: contains 202 val samples
Task 3: contains 672 test samples
Task 4: contains 1798 train samples
Task 4: contains 200 val samples
Task 4: contains 665 test samples
Task 5: contains 1847 train samples
Task 5: contains 206 val samples
Task 5: contains 684 test samples
Number of samples in current task: 1742
# Number of samples in the AL cycle: 87
Run: 4, Task: 0, AL cycle: 1 / 7

 ######## Run 0, cls_order :[13, 11, 0, 12, 14, 2, 10, 7, 1, 9, 8, 4, 5, 6, 3, 15] ########
Create exp stream : 5 tasks,  classes order [10, 7, 1, 9, 8, 4, 5, 6, 3, 15] 
Input shape (L, D): (128, 28)
Training set size: 20315; Val set size: 2260; Test set size: 7525
buffer has 1020 slots
ER mode: task, NCM classifier: False
AL strategy: RandomIter
Batch size: 1020
Task 0: contains 4062 train samples
Task 0: contains 452 val samples
Task 0: contains 1506 test samples
Task 1: contains 4064 train samples
Task 1: contains 452 val samples
Task 1: contains 1504 test samples
Task 2: contains 4064 train samples
Task 2: contains 452 val samples
Task 2: contains 1504 test samples
Task 3: contains 4063 train samples
Task 3: contains 452 val samples
Task 3: contains 1505 test samples
Task 4: contains 4062 train samples
Task 4: contains 452 val samples
Task 4: contains 1506 test samples
# Number of samples in the AL cycle: 203
Run: 0, Task: 0, AL cycle: 1 / 7
Acc_vector: [85.26  0.    0.    0.    0.  ], Mean: 85.26 
task_columns: ['task_1', 'task_2', 'task_3', 'task_4', 'task_5']
Run: 0, Task: 0, AL cycle: 2 / 7
Acc_vector: [85.13  0.    0.    0.    0.  ], Mean: 85.13 
Run: 0, Task: 0, AL cycle: 3 / 7
Acc_vector: [85.06  0.    0.    0.    0.  ], Mean: 85.06 
Run: 0, Task: 0, AL cycle: 4 / 7
Acc_vector: [84.99  0.    0.    0.    0.  ], Mean: 84.99 
Run: 0, Task: 0, AL cycle: 5 / 7
Acc_vector: [84.79  0.    0.    0.    0.  ], Mean: 84.79 
Run: 0, Task: 0, AL cycle: 6 / 7
Acc_vector: [84.66  0.    0.    0.    0.  ], Mean: 84.66 
Run: 0, Task: 0, AL cycle: 7 / 7
Acc_vector: [85.06  0.    0.    0.    0.  ], Mean: 85.06 
# Number of samples in the AL cycle: 203
Run: 0, Task: 1, AL cycle: 1 / 7
Acc_vector: [70.72 43.09  0.    0.    0.  ], Mean: 56.905 
Run: 0, Task: 1, AL cycle: 2 / 7
Acc_vector: [74.24 40.49  0.    0.    0.  ], Mean: 57.364999999999995 
Run: 0, Task: 1, AL cycle: 3 / 7
Acc_vector: [73.9  40.62  0.    0.    0.  ], Mean: 57.260000000000005 
Run: 0, Task: 1, AL cycle: 4 / 7
Acc_vector: [73.9  40.69  0.    0.    0.  ], Mean: 57.295 
Run: 0, Task: 1, AL cycle: 5 / 7
Acc_vector: [73.97 43.82  0.    0.    0.  ], Mean: 58.894999999999996 
Run: 0, Task: 1, AL cycle: 6 / 7
Acc_vector: [74.17 43.09  0.    0.    0.  ], Mean: 58.63 
Run: 0, Task: 1, AL cycle: 7 / 7
Acc_vector: [74.3  42.49  0.    0.    0.  ], Mean: 58.394999999999996 
# Number of samples in the AL cycle: 203
Run: 0, Task: 2, AL cycle: 1 / 7
Acc_vector: [67.6  21.88 38.16  0.    0.  ], Mean: 42.54666666666666 
Run: 0, Task: 2, AL cycle: 2 / 7
Acc_vector: [75.37 45.81 43.22  0.    0.  ], Mean: 54.800000000000004 
Run: 0, Task: 2, AL cycle: 3 / 7
Acc_vector: [75.56 45.74 42.35  0.    0.  ], Mean: 54.550000000000004 
Run: 0, Task: 2, AL cycle: 4 / 7
Acc_vector: [75.76 46.28 41.89  0.    0.  ], Mean: 54.64333333333334 
Run: 0, Task: 2, AL cycle: 5 / 7
Acc_vector: [75.76 45.81 41.42  0.    0.  ], Mean: 54.330000000000005 
Run: 0, Task: 2, AL cycle: 6 / 7
Acc_vector: [75.96 46.14 41.09  0.    0.  ], Mean: 54.39666666666667 
Run: 0, Task: 2, AL cycle: 7 / 7
Acc_vector: [76.36 46.41 40.62  0.    0.  ], Mean: 54.46333333333333 
# Number of samples in the AL cycle: 203
Run: 0, Task: 3, AL cycle: 1 / 7
Acc_vector: [67.07 44.28 38.9  34.82  0.  ], Mean: 46.2675 
Run: 0, Task: 3, AL cycle: 2 / 7
Acc_vector: [63.68 45.35 28.92 49.04  0.  ], Mean: 46.747499999999995 
Run: 0, Task: 3, AL cycle: 3 / 7
Acc_vector: [64.08 45.55 29.26 48.57  0.  ], Mean: 46.864999999999995 
Run: 0, Task: 3, AL cycle: 4 / 7
Acc_vector: [65.07 47.34 32.78 47.11  0.  ], Mean: 48.075 
Run: 0, Task: 3, AL cycle: 5 / 7
Acc_vector: [63.21 47.21 30.98 58.8   0.  ], Mean: 50.05 
Run: 0, Task: 3, AL cycle: 6 / 7
Acc_vector: [64.54 43.35 31.12 63.92  0.  ], Mean: 50.7325 
Run: 0, Task: 3, AL cycle: 7 / 7
Acc_vector: [56.18 36.97 36.5  74.62  0.  ], Mean: 51.0675 
# Number of samples in the AL cycle: 203
Run: 0, Task: 4, AL cycle: 1 / 7
Acc_vector: [63.21 39.36 37.03 53.62 33.13], Mean: 45.269999999999996 
Run: 0, Task: 4, AL cycle: 2 / 7
Acc_vector: [58.76 36.57 35.31 50.56 40.17], Mean: 44.274 
Run: 0, Task: 4, AL cycle: 3 / 7
Acc_vector: [59.1  36.24 35.44 50.56 39.84], Mean: 44.236000000000004 
Run: 0, Task: 4, AL cycle: 4 / 7
Acc_vector: [61.35 36.97 43.28 51.5  47.68], Mean: 48.156 
Run: 0, Task: 4, AL cycle: 5 / 7
Acc_vector: [57.9  34.24 41.16 50.1  54.58], Mean: 47.596000000000004 
Run: 0, Task: 4, AL cycle: 6 / 7
Acc_vector: [58.03 35.64 41.76 51.5  54.45], Mean: 48.275999999999996 
Run: 0, Task: 4, AL cycle: 7 / 7
Acc_vector: [57.64 36.44 42.35 49.5  55.51], Mean: 48.288 

 Finish Run 0: total 732.0181555747986 sec

 ######## Run 1, cls_order :[1, 4, 9, 10, 5, 13, 15, 0, 8, 6, 12, 7, 3, 14, 2, 11] ########
Create exp stream : 5 tasks,  classes order [15, 0, 8, 6, 12, 7, 3, 14, 2, 11] 
Input shape (L, D): (128, 28)
Training set size: 20314; Val set size: 2260; Test set size: 7526
buffer has 1020 slots
ER mode: task, NCM classifier: False
AL strategy: RandomIter
Batch size: 1020
Task 0: contains 4062 train samples
Task 0: contains 452 val samples
Task 0: contains 1506 test samples
Task 1: contains 4064 train samples
Task 1: contains 452 val samples
Task 1: contains 1504 test samples
Task 2: contains 4062 train samples
Task 2: contains 452 val samples
Task 2: contains 1506 test samples
Task 3: contains 4063 train samples
Task 3: contains 452 val samples
Task 3: contains 1505 test samples
Task 4: contains 4063 train samples
Task 4: contains 452 val samples
Task 4: contains 1505 test samples
# Number of samples in the AL cycle: 203
Run: 1, Task: 0, AL cycle: 1 / 7
Acc_vector: [49.87  0.    0.    0.    0.  ], Mean: 49.87 
Run: 1, Task: 0, AL cycle: 2 / 7
Acc_vector: [49.93  0.    0.    0.    0.  ], Mean: 49.93 
Run: 1, Task: 0, AL cycle: 3 / 7
Acc_vector: [50.  0.  0.  0.  0.], Mean: 50.0 
Run: 1, Task: 0, AL cycle: 4 / 7
Acc_vector: [50.  0.  0.  0.  0.], Mean: 50.0 
Run: 1, Task: 0, AL cycle: 5 / 7
Acc_vector: [50.  0.  0.  0.  0.], Mean: 50.0 
Run: 1, Task: 0, AL cycle: 6 / 7
Acc_vector: [50.  0.  0.  0.  0.], Mean: 50.0 
Run: 1, Task: 0, AL cycle: 7 / 7
Acc_vector: [50.  0.  0.  0.  0.], Mean: 50.0 
# Number of samples in the AL cycle: 203
Run: 1, Task: 1, AL cycle: 1 / 7
Acc_vector: [37.52 50.    0.    0.    0.  ], Mean: 43.760000000000005 
Run: 1, Task: 1, AL cycle: 2 / 7
Acc_vector: [38.05 48.6   0.    0.    0.  ], Mean: 43.325 
Run: 1, Task: 1, AL cycle: 3 / 7
Acc_vector: [38.51 47.87  0.    0.    0.  ], Mean: 43.19 
Run: 1, Task: 1, AL cycle: 4 / 7
Acc_vector: [38.91 47.34  0.    0.    0.  ], Mean: 43.125 
Run: 1, Task: 1, AL cycle: 5 / 7
Acc_vector: [39.58 47.01  0.    0.    0.  ], Mean: 43.295 
Run: 1, Task: 1, AL cycle: 6 / 7
Acc_vector: [40.04 46.61  0.    0.    0.  ], Mean: 43.325 
Run: 1, Task: 1, AL cycle: 7 / 7
Acc_vector: [40.17 46.61  0.    0.    0.  ], Mean: 43.39 
# Number of samples in the AL cycle: 203
Run: 1, Task: 2, AL cycle: 1 / 7
Acc_vector: [37.32 35.31 69.12  0.    0.  ], Mean: 47.25 
Run: 1, Task: 2, AL cycle: 2 / 7
Acc_vector: [33.   34.18 73.31  0.    0.  ], Mean: 46.830000000000005 
Run: 1, Task: 2, AL cycle: 3 / 7
Acc_vector: [33.33 34.31 73.17  0.    0.  ], Mean: 46.93666666666667 
Run: 1, Task: 2, AL cycle: 4 / 7
Acc_vector: [34.06 34.64 73.17  0.    0.  ], Mean: 47.29 
Run: 1, Task: 2, AL cycle: 5 / 7
Acc_vector: [34.2  35.31 72.84  0.    0.  ], Mean: 47.45000000000001 
Run: 1, Task: 2, AL cycle: 6 / 7
Acc_vector: [34.79 35.64 72.78  0.    0.  ], Mean: 47.73666666666667 
Run: 1, Task: 2, AL cycle: 7 / 7
Acc_vector: [35.26 35.84 72.64  0.    0.  ], Mean: 47.913333333333334 
# Number of samples in the AL cycle: 203
Run: 1, Task: 3, AL cycle: 1 / 7
Acc_vector: [44.62 35.9  55.38 49.37  0.  ], Mean: 46.3175 
Run: 1, Task: 3, AL cycle: 2 / 7
Acc_vector: [42.3  34.57 51.26 54.55  0.  ], Mean: 45.67 
Run: 1, Task: 3, AL cycle: 3 / 7
Acc_vector: [42.23 34.77 51.73 54.02  0.  ], Mean: 45.6875 
Run: 1, Task: 3, AL cycle: 4 / 7
Acc_vector: [42.36 35.11 52.26 53.69  0.  ], Mean: 45.855 
Run: 1, Task: 3, AL cycle: 5 / 7
Acc_vector: [42.5  35.24 52.79 53.42  0.  ], Mean: 45.9875 
Run: 1, Task: 3, AL cycle: 6 / 7
Acc_vector: [42.76 35.44 53.19 52.76  0.  ], Mean: 46.037499999999994 
Run: 1, Task: 3, AL cycle: 7 / 7
Acc_vector: [43.16 35.77 53.32 52.29  0.  ], Mean: 46.135 
# Number of samples in the AL cycle: 203
Run: 1, Task: 4, AL cycle: 1 / 7
Acc_vector: [46.02 37.3  52.32 45.12 53.95], Mean: 46.94199999999999 
Run: 1, Task: 4, AL cycle: 2 / 7
Acc_vector: [39.11 30.05 49.6  39.27 70.23], Mean: 45.652 
Run: 1, Task: 4, AL cycle: 3 / 7
Acc_vector: [39.58 30.19 50.   39.8  69.57], Mean: 45.827999999999996 
Run: 1, Task: 4, AL cycle: 4 / 7
Acc_vector: [39.71 30.12 50.4  40.2  68.97], Mean: 45.88 
Run: 1, Task: 4, AL cycle: 5 / 7
Acc_vector: [39.84 30.45 50.8  40.27 68.77], Mean: 46.025999999999996 
Run: 1, Task: 4, AL cycle: 6 / 7
Acc_vector: [39.84 30.39 50.93 40.6  68.44], Mean: 46.04 
Run: 1, Task: 4, AL cycle: 7 / 7
Acc_vector: [40.31 30.45 51.13 40.93 68.11], Mean: 46.186 

 Finish Run 1: total 591.7239382266998 sec

 ######## Run 2, cls_order :[5, 0, 2, 10, 15, 6, 14, 4, 7, 13, 8, 9, 12, 1, 11, 3] ########
Create exp stream : 5 tasks,  classes order [14, 4, 7, 13, 8, 9, 12, 1, 11, 3] 
Input shape (L, D): (128, 28)
Training set size: 20316; Val set size: 2260; Test set size: 7524
buffer has 1020 slots
ER mode: task, NCM classifier: False
AL strategy: RandomIter
Batch size: 1020
Task 0: contains 4064 train samples
Task 0: contains 452 val samples
Task 0: contains 1504 test samples
Task 1: contains 4063 train samples
Task 1: contains 452 val samples
Task 1: contains 1505 test samples
Task 2: contains 4064 train samples
Task 2: contains 452 val samples
Task 2: contains 1504 test samples
Task 3: contains 4063 train samples
Task 3: contains 452 val samples
Task 3: contains 1505 test samples
Task 4: contains 4062 train samples
Task 4: contains 452 val samples
Task 4: contains 1506 test samples
# Number of samples in the AL cycle: 203
Run: 2, Task: 0, AL cycle: 1 / 7
Acc_vector: [67.09  0.    0.    0.    0.  ], Mean: 67.09 
Run: 2, Task: 0, AL cycle: 2 / 7
Acc_vector: [66.89  0.    0.    0.    0.  ], Mean: 66.89 
Run: 2, Task: 0, AL cycle: 3 / 7
Acc_vector: [76.  0.  0.  0.  0.], Mean: 76.0 
Run: 2, Task: 0, AL cycle: 4 / 7
Acc_vector: [76.2  0.   0.   0.   0. ], Mean: 76.2 
Run: 2, Task: 0, AL cycle: 5 / 7
Acc_vector: [76.26  0.    0.    0.    0.  ], Mean: 76.26 
Run: 2, Task: 0, AL cycle: 6 / 7
Acc_vector: [76.66  0.    0.    0.    0.  ], Mean: 76.66 
Run: 2, Task: 0, AL cycle: 7 / 7
Acc_vector: [76.4  0.   0.   0.   0. ], Mean: 76.4 
# Number of samples in the AL cycle: 203
Run: 2, Task: 1, AL cycle: 1 / 7
Acc_vector: [52.13 70.37  0.    0.    0.  ], Mean: 61.25 
Run: 2, Task: 1, AL cycle: 2 / 7
Acc_vector: [51.86 70.43  0.    0.    0.  ], Mean: 61.145 
Run: 2, Task: 1, AL cycle: 3 / 7
Acc_vector: [52.33 70.03  0.    0.    0.  ], Mean: 61.18 
Run: 2, Task: 1, AL cycle: 4 / 7
Acc_vector: [52.99 69.77  0.    0.    0.  ], Mean: 61.379999999999995 
Run: 2, Task: 1, AL cycle: 5 / 7
Acc_vector: [53.32 69.5   0.    0.    0.  ], Mean: 61.41 
Run: 2, Task: 1, AL cycle: 6 / 7
Acc_vector: [54.06 69.1   0.    0.    0.  ], Mean: 61.58 
Run: 2, Task: 1, AL cycle: 7 / 7
Acc_vector: [54.45 68.31  0.    0.    0.  ], Mean: 61.38 
# Number of samples in the AL cycle: 203
Run: 2, Task: 2, AL cycle: 1 / 7
Acc_vector: [45.48 44.52 39.76  0.    0.  ], Mean: 43.25333333333333 
Run: 2, Task: 2, AL cycle: 2 / 7
Acc_vector: [45.81 45.32 39.03  0.    0.  ], Mean: 43.38666666666666 
Run: 2, Task: 2, AL cycle: 3 / 7
Acc_vector: [45.74 47.04 38.56  0.    0.  ], Mean: 43.78 
Run: 2, Task: 2, AL cycle: 4 / 7
Acc_vector: [45.74 48.37 37.83  0.    0.  ], Mean: 43.98 
Run: 2, Task: 2, AL cycle: 5 / 7
Acc_vector: [45.94 49.04 37.57  0.    0.  ], Mean: 44.18333333333333 
Run: 2, Task: 2, AL cycle: 6 / 7
Acc_vector: [46.41 56.01 34.31  0.    0.  ], Mean: 45.57666666666666 
Run: 2, Task: 2, AL cycle: 7 / 7
Acc_vector: [46.48 56.54 33.38  0.    0.  ], Mean: 45.46666666666667 
# Number of samples in the AL cycle: 203
Run: 2, Task: 3, AL cycle: 1 / 7
Acc_vector: [46.28 59.2  21.01 23.92  0.  ], Mean: 37.602500000000006 
Run: 2, Task: 3, AL cycle: 2 / 7
Acc_vector: [46.48 59.47 21.48 22.92  0.  ], Mean: 37.5875 
Run: 2, Task: 3, AL cycle: 3 / 7
Acc_vector: [46.54 59.93 21.61 21.93  0.  ], Mean: 37.5025 
Run: 2, Task: 3, AL cycle: 4 / 7
Acc_vector: [46.81 60.2  21.94 21.59  0.  ], Mean: 37.635000000000005 
Run: 2, Task: 3, AL cycle: 5 / 7
Acc_vector: [46.88 60.86 21.88 21.06  0.  ], Mean: 37.67 
Run: 2, Task: 3, AL cycle: 6 / 7
Acc_vector: [54.26 55.08 33.31 45.85  0.  ], Mean: 47.125 
Run: 2, Task: 3, AL cycle: 7 / 7
Acc_vector: [53.39 50.83 30.92 51.76  0.  ], Mean: 46.724999999999994 
# Number of samples in the AL cycle: 203
Run: 2, Task: 4, AL cycle: 1 / 7
Acc_vector: [49.87 54.22 35.77 41.   44.29], Mean: 45.03 
Run: 2, Task: 4, AL cycle: 2 / 7
Acc_vector: [42.22 39.4  34.44 30.83 66.14], Mean: 42.605999999999995 
Run: 2, Task: 4, AL cycle: 3 / 7
Acc_vector: [42.35 39.4  34.44 30.9  65.94], Mean: 42.606 
Run: 2, Task: 4, AL cycle: 4 / 7
Acc_vector: [48.54 46.71 34.38 37.01 64.74], Mean: 46.275999999999996 
Run: 2, Task: 4, AL cycle: 5 / 7
Acc_vector: [46.94 48.9  35.17 34.55 67.07], Mean: 46.525999999999996 
Run: 2, Task: 4, AL cycle: 6 / 7
Acc_vector: [47.14 48.97 35.31 34.82 67.  ], Mean: 46.648 
Run: 2, Task: 4, AL cycle: 7 / 7
Acc_vector: [47.21 49.1  35.31 35.02 66.93], Mean: 46.714000000000006 

 Finish Run 2: total 668.1597232818604 sec

 ######## Run 3, cls_order :[8, 5, 3, 6, 12, 15, 10, 1, 0, 13, 14, 2, 4, 9, 7, 11] ########
Create exp stream : 5 tasks,  classes order [10, 1, 0, 13, 14, 2, 4, 9, 7, 11] 
Input shape (L, D): (128, 28)
Training set size: 20316; Val set size: 2260; Test set size: 7524
buffer has 1020 slots
ER mode: task, NCM classifier: False
AL strategy: RandomIter
Batch size: 1020
Task 0: contains 4063 train samples
Task 0: contains 452 val samples
Task 0: contains 1505 test samples
Task 1: contains 4063 train samples
Task 1: contains 452 val samples
Task 1: contains 1505 test samples
Task 2: contains 4064 train samples
Task 2: contains 452 val samples
Task 2: contains 1504 test samples
Task 3: contains 4064 train samples
Task 3: contains 452 val samples
Task 3: contains 1504 test samples
Task 4: contains 4062 train samples
Task 4: contains 452 val samples
Task 4: contains 1506 test samples
# Number of samples in the AL cycle: 203
Run: 3, Task: 0, AL cycle: 1 / 7
Acc_vector: [82.33  0.    0.    0.    0.  ], Mean: 82.33 
Run: 3, Task: 0, AL cycle: 2 / 7
Acc_vector: [84.19  0.    0.    0.    0.  ], Mean: 84.19 
Run: 3, Task: 0, AL cycle: 3 / 7
Acc_vector: [86.51  0.    0.    0.    0.  ], Mean: 86.51 
Run: 3, Task: 0, AL cycle: 4 / 7
Acc_vector: [87.71  0.    0.    0.    0.  ], Mean: 87.71 
Run: 3, Task: 0, AL cycle: 5 / 7
Acc_vector: [87.84  0.    0.    0.    0.  ], Mean: 87.84 
Run: 3, Task: 0, AL cycle: 6 / 7
Acc_vector: [87.64  0.    0.    0.    0.  ], Mean: 87.64 
Run: 3, Task: 0, AL cycle: 7 / 7
Acc_vector: [88.37  0.    0.    0.    0.  ], Mean: 88.37 
# Number of samples in the AL cycle: 203
Run: 3, Task: 1, AL cycle: 1 / 7
Acc_vector: [70.56 53.02  0.    0.    0.  ], Mean: 61.790000000000006 
Run: 3, Task: 1, AL cycle: 2 / 7
Acc_vector: [71.76 52.89  0.    0.    0.  ], Mean: 62.325 
Run: 3, Task: 1, AL cycle: 3 / 7
Acc_vector: [75.55 51.76  0.    0.    0.  ], Mean: 63.655 
Run: 3, Task: 1, AL cycle: 4 / 7
Acc_vector: [76.28 51.36  0.    0.    0.  ], Mean: 63.82 
Run: 3, Task: 1, AL cycle: 5 / 7
Acc_vector: [76.74 51.03  0.    0.    0.  ], Mean: 63.885 
Run: 3, Task: 1, AL cycle: 6 / 7
Acc_vector: [77.41 50.3   0.    0.    0.  ], Mean: 63.855 
Run: 3, Task: 1, AL cycle: 7 / 7
Acc_vector: [77.81 49.77  0.    0.    0.  ], Mean: 63.790000000000006 
# Number of samples in the AL cycle: 203
Run: 3, Task: 2, AL cycle: 1 / 7
Acc_vector: [67.77 47.91 47.14  0.    0.  ], Mean: 54.27333333333333 
Run: 3, Task: 2, AL cycle: 2 / 7
Acc_vector: [64.19 45.65 52.73  0.    0.  ], Mean: 54.19 
Run: 3, Task: 2, AL cycle: 3 / 7
Acc_vector: [64.65 45.58 52.39  0.    0.  ], Mean: 54.20666666666667 
Run: 3, Task: 2, AL cycle: 4 / 7
Acc_vector: [65.65 45.65 51.93  0.    0.  ], Mean: 54.410000000000004 
Run: 3, Task: 2, AL cycle: 5 / 7
Acc_vector: [66.05 45.85 51.33  0.    0.  ], Mean: 54.410000000000004 
Run: 3, Task: 2, AL cycle: 6 / 7

 ######## Run 0, cls_order :[13, 11, 0, 12, 14, 2, 10, 7, 1, 9, 8, 4, 5, 6, 3, 15] ########
Create exp stream : 5 tasks,  classes order [10, 7, 1, 9, 8, 4, 5, 6, 3, 15] 
Input shape (L, D): (128, 28)
Training set size: 20315; Val set size: 2260; Test set size: 7525
buffer has 1020 slots
ER mode: task, NCM classifier: False
AL strategy: TypiClust
Batch size: 1020
Task 0: contains 4062 train samples
Task 0: contains 452 val samples
Task 0: contains 1506 test samples
Task 1: contains 4064 train samples
Task 1: contains 452 val samples
Task 1: contains 1504 test samples
Task 2: contains 4064 train samples
Task 2: contains 452 val samples
Task 2: contains 1504 test samples
Task 3: contains 4063 train samples
Task 3: contains 452 val samples
Task 3: contains 1505 test samples
Task 4: contains 4062 train samples
Task 4: contains 452 val samples
Task 4: contains 1506 test samples
Number of samples in current task: 4062
# Number of samples in the AL cycle: 203
Step 1: Representation Learning
Run: 0, Task: 0, AL cycle: 1 / 7
Acc_vector: [76.29  0.    0.    0.    0.  ], Mean: 76.29 
task_columns: ['task_1', 'task_2', 'task_3', 'task_4', 'task_5']
Run: 0, Task: 0, AL cycle: 2 / 7
Step 2: Clustering for Diversity
Step 3: Querying Typical Examples
Acc_vector: [84.73  0.    0.    0.    0.  ], Mean: 84.73 
Run: 0, Task: 0, AL cycle: 3 / 7
Step 2: Clustering for Diversity
Step 3: Querying Typical Examples
Acc_vector: [85.99  0.    0.    0.    0.  ], Mean: 85.99 
Run: 0, Task: 0, AL cycle: 4 / 7
Step 2: Clustering for Diversity
Step 3: Querying Typical Examples
Acc_vector: [87.05  0.    0.    0.    0.  ], Mean: 87.05 
Run: 0, Task: 0, AL cycle: 5 / 7
Step 2: Clustering for Diversity
Step 3: Querying Typical Examples
Acc_vector: [87.92  0.    0.    0.    0.  ], Mean: 87.92 
Run: 0, Task: 0, AL cycle: 6 / 7
Step 2: Clustering for Diversity
Step 3: Querying Typical Examples
Acc_vector: [87.45  0.    0.    0.    0.  ], Mean: 87.45 
Run: 0, Task: 0, AL cycle: 7 / 7
Step 2: Clustering for Diversity
Step 3: Querying Typical Examples
Acc_vector: [87.92  0.    0.    0.    0.  ], Mean: 87.92 
Number of samples in current task: 4064
# Number of samples in the AL cycle: 203
Step 1: Representation Learning
Run: 0, Task: 1, AL cycle: 1 / 7
Acc_vector: [73.31 50.4   0.    0.    0.  ], Mean: 61.855000000000004 
Run: 0, Task: 1, AL cycle: 2 / 7
Step 2: Clustering for Diversity
Step 3: Querying Typical Examples
Acc_vector: [72.58 53.39  0.    0.    0.  ], Mean: 62.985 
Run: 0, Task: 1, AL cycle: 3 / 7
Step 2: Clustering for Diversity
Step 3: Querying Typical Examples
Acc_vector: [72.58 52.79  0.    0.    0.  ], Mean: 62.685 
Run: 0, Task: 1, AL cycle: 4 / 7
Step 2: Clustering for Diversity
Step 3: Querying Typical Examples
Acc_vector: [72.91 52.59  0.    0.    0.  ], Mean: 62.75 
Run: 0, Task: 1, AL cycle: 5 / 7
Step 2: Clustering for Diversity
Step 3: Querying Typical Examples
Acc_vector: [73.44 52.06  0.    0.    0.  ], Mean: 62.75 
Run: 0, Task: 1, AL cycle: 6 / 7
Step 2: Clustering for Diversity
Step 3: Querying Typical Examples
Acc_vector: [73.71 51.86  0.    0.    0.  ], Mean: 62.785 
Run: 0, Task: 1, AL cycle: 7 / 7
Step 2: Clustering for Diversity
Step 3: Querying Typical Examples
Acc_vector: [73.9  51.73  0.    0.    0.  ], Mean: 62.815 
Number of samples in current task: 4064
# Number of samples in the AL cycle: 203
Step 1: Representation Learning
Run: 0, Task: 2, AL cycle: 1 / 7
Acc_vector: [64.74 29.26 41.36  0.    0.  ], Mean: 45.120000000000005 
Run: 0, Task: 2, AL cycle: 2 / 7
Step 2: Clustering for Diversity
Step 3: Querying Typical Examples
Acc_vector: [65.67 29.92 40.76  0.    0.  ], Mean: 45.449999999999996 
Run: 0, Task: 2, AL cycle: 3 / 7
Step 2: Clustering for Diversity
Step 3: Querying Typical Examples
Acc_vector: [66.   30.39 40.09  0.    0.  ], Mean: 45.49333333333334 
Run: 0, Task: 2, AL cycle: 4 / 7
Step 2: Clustering for Diversity
Step 3: Querying Typical Examples
Acc_vector: [66.8  30.72 39.49  0.    0.  ], Mean: 45.669999999999995 
Run: 0, Task: 2, AL cycle: 5 / 7
Step 2: Clustering for Diversity
Step 3: Querying Typical Examples
Acc_vector: [67.07 31.12 38.83  0.    0.  ], Mean: 45.673333333333325 
Run: 0, Task: 2, AL cycle: 6 / 7
Step 2: Clustering for Diversity
Step 3: Querying Typical Examples
Acc_vector: [67.2  31.18 37.9   0.    0.  ], Mean: 45.42666666666667 
Run: 0, Task: 2, AL cycle: 7 / 7
Step 2: Clustering for Diversity
Step 3: Querying Typical Examples
Acc_vector: [67.6  31.72 37.63  0.    0.  ], Mean: 45.65 
Number of samples in current task: 4063
# Number of samples in the AL cycle: 203
Step 1: Representation Learning
Run: 0, Task: 3, AL cycle: 1 / 7
Acc_vector: [66.73 37.63 36.3  46.25  0.  ], Mean: 46.727500000000006 
Run: 0, Task: 3, AL cycle: 2 / 7
Step 2: Clustering for Diversity
Step 3: Querying Typical Examples
Acc_vector: [62.02 27.53 40.43 59.34  0.  ], Mean: 47.330000000000005 
Run: 0, Task: 3, AL cycle: 3 / 7
Step 2: Clustering for Diversity
Step 3: Querying Typical Examples
Acc_vector: [62.62 27.66 41.02 59.    0.  ], Mean: 47.575 
Run: 0, Task: 3, AL cycle: 4 / 7
Step 2: Clustering for Diversity
Step 3: Querying Typical Examples
Acc_vector: [63.08 27.39 41.69 58.27  0.  ], Mean: 47.6075 
Run: 0, Task: 3, AL cycle: 5 / 7
Step 2: Clustering for Diversity
Step 3: Querying Typical Examples
Acc_vector: [63.61 27.79 41.89 57.81  0.  ], Mean: 47.775000000000006 
Run: 0, Task: 3, AL cycle: 6 / 7
Step 2: Clustering for Diversity
Step 3: Querying Typical Examples
Acc_vector: [63.75 27.86 42.02 57.48  0.  ], Mean: 47.777499999999996 
Run: 0, Task: 3, AL cycle: 7 / 7
Step 2: Clustering for Diversity
Step 3: Querying Typical Examples
Acc_vector: [64.14 27.53 42.15 57.08  0.  ], Mean: 47.724999999999994 
Number of samples in current task: 4062
# Number of samples in the AL cycle: 203
Step 1: Representation Learning
Run: 0, Task: 4, AL cycle: 1 / 7
Acc_vector: [63.01 28.52 40.29 28.17 36.32], Mean: 39.262 
Run: 0, Task: 4, AL cycle: 2 / 7
Step 2: Clustering for Diversity
Step 3: Querying Typical Examples
Acc_vector: [63.35 28.99 40.29 29.1  35.72], Mean: 39.489999999999995 
Run: 0, Task: 4, AL cycle: 3 / 7
Step 2: Clustering for Diversity
Step 3: Querying Typical Examples
Acc_vector: [63.48 29.79 40.43 29.77 35.06], Mean: 39.706 
Run: 0, Task: 4, AL cycle: 4 / 7
Step 2: Clustering for Diversity
Step 3: Querying Typical Examples
Acc_vector: [63.75 30.25 40.69 30.43 34.59], Mean: 39.942 
Run: 0, Task: 4, AL cycle: 5 / 7
Step 2: Clustering for Diversity
Step 3: Querying Typical Examples
Acc_vector: [63.88 30.59 41.16 31.03 34.2 ], Mean: 40.172000000000004 
Run: 0, Task: 4, AL cycle: 6 / 7
Step 2: Clustering for Diversity
Step 3: Querying Typical Examples
Acc_vector: [64.14 31.05 41.29 31.43 33.67], Mean: 40.315999999999995 
Run: 0, Task: 4, AL cycle: 7 / 7
Step 2: Clustering for Diversity
Step 3: Querying Typical Examples
Acc_vector: [64.61 31.45 41.36 31.96 33.33], Mean: 40.54200000000001 

 Finish Run 0: total 674.7758445739746 sec

 ######## Run 1, cls_order :[1, 4, 9, 10, 5, 13, 15, 0, 8, 6, 12, 7, 3, 14, 2, 11] ########
Create exp stream : 5 tasks,  classes order [15, 0, 8, 6, 12, 7, 3, 14, 2, 11] 
Input shape (L, D): (128, 28)
Training set size: 20314; Val set size: 2260; Test set size: 7526
buffer has 1020 slots
ER mode: task, NCM classifier: False
AL strategy: TypiClust
Batch size: 1020
Task 0: contains 4062 train samples
Task 0: contains 452 val samples
Task 0: contains 1506 test samples
Task 1: contains 4064 train samples
Task 1: contains 452 val samples
Task 1: contains 1504 test samples
Task 2: contains 4062 train samples
Task 2: contains 452 val samples
Task 2: contains 1506 test samples
Task 3: contains 4063 train samples
Task 3: contains 452 val samples
Task 3: contains 1505 test samples
Task 4: contains 4063 train samples
Task 4: contains 452 val samples
Task 4: contains 1505 test samples
Number of samples in current task: 4062
# Number of samples in the AL cycle: 203
Step 1: Representation Learning
Run: 1, Task: 0, AL cycle: 1 / 7
Acc_vector: [51.  0.  0.  0.  0.], Mean: 51.0 
Run: 1, Task: 0, AL cycle: 2 / 7
Step 2: Clustering for Diversity
Step 3: Querying Typical Examples
Acc_vector: [50.86  0.    0.    0.    0.  ], Mean: 50.86 
Run: 1, Task: 0, AL cycle: 3 / 7
Step 2: Clustering for Diversity
Step 3: Querying Typical Examples
Acc_vector: [57.57  0.    0.    0.    0.  ], Mean: 57.57 
Run: 1, Task: 0, AL cycle: 4 / 7
Step 2: Clustering for Diversity
Step 3: Querying Typical Examples
Acc_vector: [59.43  0.    0.    0.    0.  ], Mean: 59.43 
Run: 1, Task: 0, AL cycle: 5 / 7
Step 2: Clustering for Diversity
Step 3: Querying Typical Examples
Acc_vector: [59.63  0.    0.    0.    0.  ], Mean: 59.63 
Run: 1, Task: 0, AL cycle: 6 / 7
Step 2: Clustering for Diversity
Step 3: Querying Typical Examples
Acc_vector: [59.5  0.   0.   0.   0. ], Mean: 59.5 
Run: 1, Task: 0, AL cycle: 7 / 7
Step 2: Clustering for Diversity
Step 3: Querying Typical Examples
Acc_vector: [59.16  0.    0.    0.    0.  ], Mean: 59.16 
Number of samples in current task: 4064
# Number of samples in the AL cycle: 203
Step 1: Representation Learning
Run: 1, Task: 1, AL cycle: 1 / 7
Acc_vector: [33.93 53.32  0.    0.    0.  ], Mean: 43.625 
Run: 1, Task: 1, AL cycle: 2 / 7
Step 2: Clustering for Diversity
Step 3: Querying Typical Examples
Acc_vector: [34.46 52.73  0.    0.    0.  ], Mean: 43.595 
Run: 1, Task: 1, AL cycle: 3 / 7
Step 2: Clustering for Diversity
Step 3: Querying Typical Examples
Acc_vector: [34.99 51.66  0.    0.    0.  ], Mean: 43.325 
Run: 1, Task: 1, AL cycle: 4 / 7
Step 2: Clustering for Diversity
Step 3: Querying Typical Examples
Acc_vector: [36.72 51.06  0.    0.    0.  ], Mean: 43.89 
Run: 1, Task: 1, AL cycle: 5 / 7
Step 2: Clustering for Diversity
Step 3: Querying Typical Examples
Acc_vector: [37.78 50.33  0.    0.    0.  ], Mean: 44.055 
Run: 1, Task: 1, AL cycle: 6 / 7
Step 2: Clustering for Diversity
Step 3: Querying Typical Examples
Acc_vector: [38.71 49.67  0.    0.    0.  ], Mean: 44.19 
Run: 1, Task: 1, AL cycle: 7 / 7
Step 2: Clustering for Diversity
Step 3: Querying Typical Examples
Acc_vector: [39.04 49.47  0.    0.    0.  ], Mean: 44.254999999999995 
Number of samples in current task: 4062
# Number of samples in the AL cycle: 203
Step 1: Representation Learning
Run: 1, Task: 2, AL cycle: 1 / 7
Acc_vector: [34.93 39.69 63.88  0.    0.  ], Mean: 46.166666666666664 
Run: 1, Task: 2, AL cycle: 2 / 7
Step 2: Clustering for Diversity
Step 3: Querying Typical Examples
Acc_vector: [33.53 35.37 67.07  0.    0.  ], Mean: 45.32333333333333 
Run: 1, Task: 2, AL cycle: 3 / 7
Step 2: Clustering for Diversity
Step 3: Querying Typical Examples
Acc_vector: [34.26 35.77 66.8   0.    0.  ], Mean: 45.60999999999999 
Run: 1, Task: 2, AL cycle: 4 / 7
Step 2: Clustering for Diversity
Step 3: Querying Typical Examples
Acc_vector: [34.33 36.1  66.4   0.    0.  ], Mean: 45.61000000000001 
Run: 1, Task: 2, AL cycle: 5 / 7
Step 2: Clustering for Diversity
Step 3: Querying Typical Examples
Acc_vector: [34.79 36.64 65.8   0.    0.  ], Mean: 45.74333333333334 
Run: 1, Task: 2, AL cycle: 6 / 7
Step 2: Clustering for Diversity
Step 3: Querying Typical Examples
Acc_vector: [34.86 37.17 65.54  0.    0.  ], Mean: 45.85666666666666 
Run: 1, Task: 2, AL cycle: 7 / 7
Step 2: Clustering for Diversity
Step 3: Querying Typical Examples
Acc_vector: [35.46 37.43 65.07  0.    0.  ], Mean: 45.98666666666666 
Number of samples in current task: 4063
# Number of samples in the AL cycle: 203
Step 1: Representation Learning
Run: 1, Task: 3, AL cycle: 1 / 7
Acc_vector: [38.38 40.23 35.46 44.72  0.  ], Mean: 39.6975 
Run: 1, Task: 3, AL cycle: 2 / 7
Step 2: Clustering for Diversity
Step 3: Querying Typical Examples
Acc_vector: [41.24 44.68 40.31 52.96  0.  ], Mean: 44.7975 
Run: 1, Task: 3, AL cycle: 3 / 7
Step 2: Clustering for Diversity
Step 3: Querying Typical Examples
Acc_vector: [41.37 44.35 41.1  52.89  0.  ], Mean: 44.927499999999995 
Run: 1, Task: 3, AL cycle: 4 / 7
Step 2: Clustering for Diversity
Step 3: Querying Typical Examples
Acc_vector: [41.1  44.35 41.77 52.89  0.  ], Mean: 45.0275 
Run: 1, Task: 3, AL cycle: 5 / 7
Step 2: Clustering for Diversity
Step 3: Querying Typical Examples
Acc_vector: [40.9  40.69 48.47 60.53  0.  ], Mean: 47.6475 
Run: 1, Task: 3, AL cycle: 6 / 7
Step 2: Clustering for Diversity
Step 3: Querying Typical Examples
Acc_vector: [40.9  40.96 49.07 60.    0.  ], Mean: 47.7325 
Run: 1, Task: 3, AL cycle: 7 / 7
Step 2: Clustering for Diversity
Step 3: Querying Typical Examples
Acc_vector: [40.9  41.22 49.47 59.87  0.  ], Mean: 47.865 
Number of samples in current task: 4063
# Number of samples in the AL cycle: 203
Step 1: Representation Learning
Run: 1, Task: 4, AL cycle: 1 / 7
Acc_vector: [41.7  37.43 47.48 52.76 50.83], Mean: 46.04 
Run: 1, Task: 4, AL cycle: 2 / 7
Step 2: Clustering for Diversity
Step 3: Querying Typical Examples
Acc_vector: [40.64 29.85 38.05 44.12 68.04], Mean: 44.14 
Run: 1, Task: 4, AL cycle: 3 / 7
Step 2: Clustering for Diversity
Step 3: Querying Typical Examples
Acc_vector: [39.04 31.91 39.24 50.37 69.3 ], Mean: 45.972 
Run: 1, Task: 4, AL cycle: 4 / 7
Step 2: Clustering for Diversity
Step 3: Querying Typical Examples
Acc_vector: [40.44 31.25 42.16 50.03 72.62], Mean: 47.3 
Run: 1, Task: 4, AL cycle: 5 / 7
Step 2: Clustering for Diversity
Step 3: Querying Typical Examples
Acc_vector: [40.5  31.18 42.36 50.23 72.76], Mean: 47.406000000000006 
Run: 1, Task: 4, AL cycle: 6 / 7
Step 2: Clustering for Diversity
Step 3: Querying Typical Examples
Acc_vector: [43.63 29.19 42.83 51.5  72.62], Mean: 47.954 
Run: 1, Task: 4, AL cycle: 7 / 7
Step 2: Clustering for Diversity
Step 3: Querying Typical Examples
Acc_vector: [43.03 30.45 42.7  51.69 73.62], Mean: 48.298 

 Finish Run 1: total 812.5393831729889 sec

 ######## Run 2, cls_order :[5, 0, 2, 10, 15, 6, 14, 4, 7, 13, 8, 9, 12, 1, 11, 3] ########
Create exp stream : 5 tasks,  classes order [14, 4, 7, 13, 8, 9, 12, 1, 11, 3] 
Input shape (L, D): (128, 28)
Training set size: 20316; Val set size: 2260; Test set size: 7524
buffer has 1020 slots
ER mode: task, NCM classifier: False
AL strategy: TypiClust
Batch size: 1020
Task 0: contains 4064 train samples
Task 0: contains 452 val samples
Task 0: contains 1504 test samples
Task 1: contains 4063 train samples
Task 1: contains 452 val samples
Task 1: contains 1505 test samples
Task 2: contains 4064 train samples
Task 2: contains 452 val samples
Task 2: contains 1504 test samples
Task 3: contains 4063 train samples
Task 3: contains 452 val samples
Task 3: contains 1505 test samples
Task 4: contains 4062 train samples
Task 4: contains 452 val samples
Task 4: contains 1506 test samples
Number of samples in current task: 4064
# Number of samples in the AL cycle: 203
Step 1: Representation Learning
Run: 2, Task: 0, AL cycle: 1 / 7
Acc_vector: [74.47  0.    0.    0.    0.  ], Mean: 74.47 
Run: 2, Task: 0, AL cycle: 2 / 7
Step 2: Clustering for Diversity
Step 3: Querying Typical Examples
Acc_vector: [74.67  0.    0.    0.    0.  ], Mean: 74.67 
Run: 2, Task: 0, AL cycle: 3 / 7
Step 2: Clustering for Diversity
Step 3: Querying Typical Examples
Acc_vector: [76.  0.  0.  0.  0.], Mean: 76.0 
Run: 2, Task: 0, AL cycle: 4 / 7
Step 2: Clustering for Diversity
Step 3: Querying Typical Examples
Acc_vector: [76.53  0.    0.    0.    0.  ], Mean: 76.53 
Run: 2, Task: 0, AL cycle: 5 / 7
Step 2: Clustering for Diversity
Step 3: Querying Typical Examples
Acc_vector: [76.66  0.    0.    0.    0.  ], Mean: 76.66 
Run: 2, Task: 0, AL cycle: 6 / 7
Step 2: Clustering for Diversity
Step 3: Querying Typical Examples
Acc_vector: [76.66  0.    0.    0.    0.  ], Mean: 76.66 
Run: 2, Task: 0, AL cycle: 7 / 7
Step 2: Clustering for Diversity
Step 3: Querying Typical Examples
Acc_vector: [78.79  0.    0.    0.    0.  ], Mean: 78.79 
Number of samples in current task: 4063
# Number of samples in the AL cycle: 203
Step 1: Representation Learning
Run: 2, Task: 1, AL cycle: 1 / 7
Acc_vector: [51.93 62.26  0.    0.    0.  ], Mean: 57.095 
Run: 2, Task: 1, AL cycle: 2 / 7
Step 2: Clustering for Diversity
Step 3: Querying Typical Examples
Acc_vector: [52.19 62.13  0.    0.    0.  ], Mean: 57.16 
Run: 2, Task: 1, AL cycle: 3 / 7
Step 2: Clustering for Diversity
Step 3: Querying Typical Examples
Acc_vector: [53.19 61.59  0.    0.    0.  ], Mean: 57.39 
Run: 2, Task: 1, AL cycle: 4 / 7
Step 2: Clustering for Diversity
Step 3: Querying Typical Examples
Acc_vector: [63.36 74.02  0.    0.    0.  ], Mean: 68.69 
Run: 2, Task: 1, AL cycle: 5 / 7
Step 2: Clustering for Diversity
Step 3: Querying Typical Examples
Acc_vector: [63.63 74.15  0.    0.    0.  ], Mean: 68.89 
Run: 2, Task: 1, AL cycle: 6 / 7
Step 2: Clustering for Diversity
Step 3: Querying Typical Examples
Acc_vector: [64.16 73.95  0.    0.    0.  ], Mean: 69.055 
Run: 2, Task: 1, AL cycle: 7 / 7
Step 2: Clustering for Diversity
Step 3: Querying Typical Examples
Acc_vector: [64.23 75.75  0.    0.    0.  ], Mean: 69.99000000000001 
Number of samples in current task: 4064
# Number of samples in the AL cycle: 203
Step 1: Representation Learning
Run: 2, Task: 2, AL cycle: 1 / 7
Acc_vector: [55.39 51.96 34.97  0.    0.  ], Mean: 47.44 
Run: 2, Task: 2, AL cycle: 2 / 7
Step 2: Clustering for Diversity
Step 3: Querying Typical Examples
Acc_vector: [51.93 62.13 33.58  0.    0.  ], Mean: 49.21333333333333 
Run: 2, Task: 2, AL cycle: 3 / 7
Step 2: Clustering for Diversity
Step 3: Querying Typical Examples
Acc_vector: [51.93 62.72 33.11  0.    0.  ], Mean: 49.25333333333333 
Run: 2, Task: 2, AL cycle: 4 / 7
Step 2: Clustering for Diversity
Step 3: Querying Typical Examples
Acc_vector: [51.99 63.12 32.71  0.    0.  ], Mean: 49.27333333333333 
Run: 2, Task: 2, AL cycle: 5 / 7
Step 2: Clustering for Diversity
Step 3: Querying Typical Examples
Acc_vector: [52.06 64.05 32.18  0.    0.  ], Mean: 49.43 
Run: 2, Task: 2, AL cycle: 6 / 7
Step 2: Clustering for Diversity
Step 3: Querying Typical Examples
Acc_vector: [54.72 68.37 34.44  0.    0.  ], Mean: 52.51 
Run: 2, Task: 2, AL cycle: 7 / 7
Step 2: Clustering for Diversity
Step 3: Querying Typical Examples
Acc_vector: [55.05 68.77 34.04  0.    0.  ], Mean: 52.62 
Number of samples in current task: 4063
# Number of samples in the AL cycle: 203
Step 1: Representation Learning
Run: 2, Task: 3, AL cycle: 1 / 7
Acc_vector: [54.52 67.71 19.75 21.99  0.  ], Mean: 40.9925 
Run: 2, Task: 3, AL cycle: 2 / 7
Step 2: Clustering for Diversity
Step 3: Querying Typical Examples
Acc_vector: [54.85 67.77 20.61 21.    0.  ], Mean: 41.057500000000005 
Run: 2, Task: 3, AL cycle: 3 / 7
Step 2: Clustering for Diversity
Step 3: Querying Typical Examples
Acc_vector: [54.85 67.84 20.81 20.27  0.  ], Mean: 40.9425 
Run: 2, Task: 3, AL cycle: 4 / 7
Step 2: Clustering for Diversity
Step 3: Querying Typical Examples
Acc_vector: [54.79 67.91 21.34 19.47  0.  ], Mean: 40.8775 
Run: 2, Task: 3, AL cycle: 5 / 7
Step 2: Clustering for Diversity
Step 3: Querying Typical Examples
Acc_vector: [54.52 68.11 21.81 19.2   0.  ], Mean: 40.91 
Run: 2, Task: 3, AL cycle: 6 / 7
Step 2: Clustering for Diversity
Step 3: Querying Typical Examples
Acc_vector: [54.79 68.04 22.07 18.8   0.  ], Mean: 40.925000000000004 
Run: 2, Task: 3, AL cycle: 7 / 7
Step 2: Clustering for Diversity
Step 3: Querying Typical Examples
Acc_vector: [54.99 68.24 22.41 18.34  0.  ], Mean: 40.995 
Number of samples in current task: 4062
# Number of samples in the AL cycle: 203
Step 1: Representation Learning
Run: 2, Task: 4, AL cycle: 1 / 7
Acc_vector: [52.79 65.38 28.92  8.04 33.33], Mean: 37.69199999999999 
Run: 2, Task: 4, AL cycle: 2 / 7
Step 2: Clustering for Diversity
Step 3: Querying Typical Examples
Acc_vector: [50.4  64.19 38.23 22.39 50.86], Mean: 45.214 
Run: 2, Task: 4, AL cycle: 3 / 7
Step 2: Clustering for Diversity
Step 3: Querying Typical Examples
Acc_vector: [53.12 63.19 38.63 18.27 51.86], Mean: 45.013999999999996 
Run: 2, Task: 4, AL cycle: 4 / 7
Step 2: Clustering for Diversity
Step 3: Querying Typical Examples
Acc_vector: [53.46 63.26 38.63 18.27 51.79], Mean: 45.082 
Run: 2, Task: 4, AL cycle: 5 / 7
Step 2: Clustering for Diversity
Step 3: Querying Typical Examples
Acc_vector: [51.6  62.66 38.96 20.8  56.24], Mean: 46.05200000000001 
Run: 2, Task: 4, AL cycle: 6 / 7
Step 2: Clustering for Diversity
Step 3: Querying Typical Examples
Acc_vector: [51.93 62.72 39.03 21.   56.11], Mean: 46.158 
Run: 2, Task: 4, AL cycle: 7 / 7
Step 2: Clustering for Diversity
Step 3: Querying Typical Examples
Acc_vector: [51.99 62.66 39.16 21.   55.91], Mean: 46.144 

 Finish Run 2: total 748.5165164470673 sec

 ######## Run 3, cls_order :[8, 5, 3, 6, 12, 15, 10, 1, 0, 13, 14, 2, 4, 9, 7, 11] ########
Create exp stream : 5 tasks,  classes order [10, 1, 0, 13, 14, 2, 4, 9, 7, 11] 
Input shape (L, D): (128, 28)
Training set size: 20316; Val set size: 2260; Test set size: 7524
buffer has 1020 slots
ER mode: task, NCM classifier: False
AL strategy: TypiClust
Batch size: 1020
Task 0: contains 4063 train samples
Task 0: contains 452 val samples
Task 0: contains 1505 test samples
Task 1: contains 4063 train samples
Task 1: contains 452 val samples
Task 1: contains 1505 test samples
Task 2: contains 4064 train samples
Task 2: contains 452 val samples
Task 2: contains 1504 test samples
Task 3: contains 4064 train samples
Task 3: contains 452 val samples
Task 3: contains 1504 test samples
Task 4: contains 4062 train samples
Task 4: contains 452 val samples
Task 4: contains 1506 test samples
Number of samples in current task: 4063
# Number of samples in the AL cycle: 203
Step 1: Representation Learning
Run: 3, Task: 0, AL cycle: 1 / 7
Acc_vector: [83.19  0.    0.    0.    0.  ], Mean: 83.19 
Run: 3, Task: 0, AL cycle: 2 / 7
Step 2: Clustering for Diversity
Step 3: Querying Typical Examples
Acc_vector: [83.12  0.    0.    0.    0.  ], Mean: 83.12 
Run: 3, Task: 0, AL cycle: 3 / 7
Step 2: Clustering for Diversity
Step 3: Querying Typical Examples
Acc_vector: [84.12  0.    0.    0.    0.  ], Mean: 84.12 
Run: 3, Task: 0, AL cycle: 4 / 7
Step 2: Clustering for Diversity
Step 3: Querying Typical Examples
Acc_vector: [88.31  0.    0.    0.    0.  ], Mean: 88.31 
Run: 3, Task: 0, AL cycle: 5 / 7
Step 2: Clustering for Diversity
Step 3: Querying Typical Examples
Acc_vector: [88.5  0.   0.   0.   0. ], Mean: 88.5 
Run: 3, Task: 0, AL cycle: 6 / 7
Step 2: Clustering for Diversity
Step 3: Querying Typical Examples
Acc_vector: [87.64  0.    0.    0.    0.  ], Mean: 87.64 
Run: 3, Task: 0, AL cycle: 7 / 7
Step 2: Clustering for Diversity
Step 3: Querying Typical Examples
Acc_vector: [88.31  0.    0.    0.    0.  ], Mean: 88.31 
Number of samples in current task: 4063
# Number of samples in the AL cycle: 203
Step 1: Representation Learning
Run: 3, Task: 1, AL cycle: 1 / 7
Acc_vector: [77.34 49.57  0.    0.    0.  ], Mean: 63.455 
Run: 3, Task: 1, AL cycle: 2 / 7
Step 2: Clustering for Diversity
Step 3: Querying Typical Examples
Acc_vector: [81.66 52.43  0.    0.    0.  ], Mean: 67.045 
Run: 3, Task: 1, AL cycle: 3 / 7
Step 2: Clustering for Diversity
Step 3: Querying Typical Examples
Acc_vector: [82.26 52.23  0.    0.    0.  ], Mean: 67.245 
Run: 3, Task: 1, AL cycle: 4 / 7
Step 2: Clustering for Diversity
Step 3: Querying Typical Examples
Acc_vector: [82.19 51.5   0.    0.    0.  ], Mean: 66.845 
Run: 3, Task: 1, AL cycle: 5 / 7
Step 2: Clustering for Diversity
Step 3: Querying Typical Examples
Acc_vector: [82.66 50.96  0.    0.    0.  ], Mean: 66.81 
Run: 3, Task: 1, AL cycle: 6 / 7
Step 2: Clustering for Diversity
Step 3: Querying Typical Examples
Acc_vector: [82.92 50.7   0.    0.    0.  ], Mean: 66.81 
Run: 3, Task: 1, AL cycle: 7 / 7
Step 2: Clustering for Diversity
Step 3: Querying Typical Examples
Acc_vector: [82.99 50.3   0.    0.    0.  ], Mean: 66.645 
Number of samples in current task: 4064
# Number of samples in the AL cycle: 203
Step 1: Representation Learning
Run: 3, Task: 2, AL cycle: 1 / 7
Acc_vector: [63.19 38.27 48.87  0.    0.  ], Mean: 50.11000000000001 
Run: 3, Task: 2, AL cycle: 2 / 7
Step 2: Clustering for Diversity
Step 3: Querying Typical Examples
Acc_vector: [63.52 45.71 52.39  0.    0.  ], Mean: 53.873333333333335 
Run: 3, Task: 2, AL cycle: 3 / 7
Step 2: Clustering for Diversity
Step 3: Querying Typical Examples
Acc_vector: [64.12 46.25 51.8   0.    0.  ], Mean: 54.05666666666667 
Run: 3, Task: 2, AL cycle: 4 / 7
Step 2: Clustering for Diversity
Step 3: Querying Typical Examples
Acc_vector: [64.65 46.71 51.13  0.    0.  ], Mean: 54.163333333333334 
Run: 3, Task: 2, AL cycle: 5 / 7
Step 2: Clustering for Diversity
Step 3: Querying Typical Examples
Acc_vector: [64.98 46.78 50.2   0.    0.  ], Mean: 53.98666666666667 
Run: 3, Task: 2, AL cycle: 6 / 7
Step 2: Clustering for Diversity
Step 3: Querying Typical Examples
Acc_vector: [65.25 46.71 49.34  0.    0.  ], Mean: 53.76666666666667 
Run: 3, Task: 2, AL cycle: 7 / 7
Step 2: Clustering for Diversity
Step 3: Querying Typical Examples
Acc_vector: [65.71 47.18 48.67  0.    0.  ], Mean: 53.85333333333333 
Number of samples in current task: 4064
# Number of samples in the AL cycle: 203
Step 1: Representation Learning
Run: 3, Task: 3, AL cycle: 1 / 7
Acc_vector: [63.46 40.33 38.56 39.56  0.  ], Mean: 45.4775 
Run: 3, Task: 3, AL cycle: 2 / 7
Step 2: Clustering for Diversity
Step 3: Querying Typical Examples
Acc_vector: [64.19 27.44 31.12 53.52  0.  ], Mean: 44.0675 
Run: 3, Task: 3, AL cycle: 3 / 7
Step 2: Clustering for Diversity
Step 3: Querying Typical Examples
Acc_vector: [65.98 27.91 31.05 52.93  0.  ], Mean: 44.4675 
Run: 3, Task: 3, AL cycle: 4 / 7
Step 2: Clustering for Diversity
Step 3: Querying Typical Examples
Acc_vector: [66.84 28.11 31.38 51.86  0.  ], Mean: 44.5475 
Run: 3, Task: 3, AL cycle: 5 / 7
Step 2: Clustering for Diversity
Step 3: Querying Typical Examples
Acc_vector: [67.71 28.77 31.18 51.26  0.  ], Mean: 44.73 
Run: 3, Task: 3, AL cycle: 6 / 7
Step 2: Clustering for Diversity
Step 3: Querying Typical Examples
Acc_vector: [69.1  29.57 31.45 50.2   0.  ], Mean: 45.08 
Run: 3, Task: 3, AL cycle: 7 / 7
Step 2: Clustering for Diversity
Step 3: Querying Typical Examples
Acc_vector: [69.57 29.97 31.18 49.47  0.  ], Mean: 45.0475 
Number of samples in current task: 4062
# Number of samples in the AL cycle: 203
Step 1: Representation Learning
Run: 3, Task: 4, AL cycle: 1 / 7
Acc_vector: [74.68 38.27 31.65 28.92 35.99], Mean: 41.90200000000001 
Run: 3, Task: 4, AL cycle: 2 / 7
Step 2: Clustering for Diversity
Step 3: Querying Typical Examples
Acc_vector: [74.35 37.67 31.72 29.39 35.86], Mean: 41.798 
Run: 3, Task: 4, AL cycle: 3 / 7
Step 2: Clustering for Diversity
Step 3: Querying Typical Examples
Acc_vector: [73.82 37.34 31.58 30.39 35.26], Mean: 41.678 
Run: 3, Task: 4, AL cycle: 4 / 7
Step 2: Clustering for Diversity
Step 3: Querying Typical Examples
Acc_vector: [67.97 45.65 41.22 45.35 61.02], Mean: 52.242 
Run: 3, Task: 4, AL cycle: 5 / 7
Step 2: Clustering for Diversity
Step 3: Querying Typical Examples
Acc_vector: [65.51 43.52 38.1  44.75 67.33], Mean: 51.842 
Run: 3, Task: 4, AL cycle: 6 / 7
Step 2: Clustering for Diversity
Step 3: Querying Typical Examples
Acc_vector: [66.31 42.39 41.22 44.28 68.66], Mean: 52.572 
Run: 3, Task: 4, AL cycle: 7 / 7
Step 2: Clustering for Diversity
Step 3: Querying Typical Examples
Acc_vector: [66.31 41.66 41.29 44.61 68.13], Mean: 52.4 

 Finish Run 3: total 809.4885947704315 sec

 ######## Run 4, cls_order :[7, 6, 0, 10, 15, 5, 1, 11, 9, 8, 12, 3, 2, 13, 14, 4] ########
Create exp stream : 5 tasks,  classes order [1, 11, 9, 8, 12, 3, 2, 13, 14, 4] 
Input shape (L, D): (128, 28)
Training set size: 20317; Val set size: 2260; Test set size: 7523
buffer has 1020 slots
ER mode: task, NCM classifier: False
AL strategy: TypiClust
Batch size: 1020
Task 0: contains 4063 train samples
Task 0: contains 452 val samples
Task 0: contains 1505 test samples
Task 1: contains 4064 train samples
Task 1: contains 452 val samples
Task 1: contains 1504 test samples
Task 2: contains 4062 train samples
Task 2: contains 452 val samples
Task 2: contains 1506 test samples
Task 3: contains 4064 train samples
Task 3: contains 452 val samples
Task 3: contains 1504 test samples
Task 4: contains 4064 train samples
Task 4: contains 452 val samples
Task 4: contains 1504 test samples
Number of samples in current task: 4063
# Number of samples in the AL cycle: 203
Step 1: Representation Learning
Run: 4, Task: 0, AL cycle: 1 / 7
Acc_vector: [79.4  0.   0.   0.   0. ], Mean: 79.4 
Run: 4, Task: 0, AL cycle: 2 / 7
Step 2: Clustering for Diversity
Step 3: Querying Typical Examples
Acc_vector: [82.13  0.    0.    0.    0.  ], Mean: 82.13 
Run: 4, Task: 0, AL cycle: 3 / 7
Step 2: Clustering for Diversity
Step 3: Querying Typical Examples
Acc_vector: [82.19  0.    0.    0.    0.  ], Mean: 82.19 
Run: 4, Task: 0, AL cycle: 4 / 7
Step 2: Clustering for Diversity
Step 3: Querying Typical Examples
Acc_vector: [82.39  0.    0.    0.    0.  ], Mean: 82.39 
Run: 4, Task: 0, AL cycle: 5 / 7
Step 2: Clustering for Diversity
Step 3: Querying Typical Examples
Acc_vector: [84.19  0.    0.    0.    0.  ], Mean: 84.19 
Run: 4, Task: 0, AL cycle: 6 / 7
Step 2: Clustering for Diversity
Step 3: Querying Typical Examples
Acc_vector: [84.32  0.    0.    0.    0.  ], Mean: 84.32 
Run: 4, Task: 0, AL cycle: 7 / 7
Step 2: Clustering for Diversity
Step 3: Querying Typical Examples
Acc_vector: [84.39  0.    0.    0.    0.  ], Mean: 84.39 
Number of samples in current task: 4064
# Number of samples in the AL cycle: 203
Step 1: Representation Learning
Run: 4, Task: 1, AL cycle: 1 / 7
Acc_vector: [59.87 52.99  0.    0.    0.  ], Mean: 56.43 
Run: 4, Task: 1, AL cycle: 2 / 7
Step 2: Clustering for Diversity
Step 3: Querying Typical Examples
Acc_vector: [60.73 52.53  0.    0.    0.  ], Mean: 56.629999999999995 
Run: 4, Task: 1, AL cycle: 3 / 7
Step 2: Clustering for Diversity
Step 3: Querying Typical Examples
Acc_vector: [61.53 52.33  0.    0.    0.  ], Mean: 56.93 
Run: 4, Task: 1, AL cycle: 4 / 7
Step 2: Clustering for Diversity
Step 3: Querying Typical Examples
Acc_vector: [67.24 52.66  0.    0.    0.  ], Mean: 59.949999999999996 
Run: 4, Task: 1, AL cycle: 5 / 7
Step 2: Clustering for Diversity
Step 3: Querying Typical Examples
Acc_vector: [68.04 51.93  0.    0.    0.  ], Mean: 59.985 
Run: 4, Task: 1, AL cycle: 6 / 7
Step 2: Clustering for Diversity
Step 3: Querying Typical Examples
Acc_vector: [68.37 51.4   0.    0.    0.  ], Mean: 59.885000000000005 
Run: 4, Task: 1, AL cycle: 7 / 7
Step 2: Clustering for Diversity
Step 3: Querying Typical Examples
Acc_vector: [68.84 50.8   0.    0.    0.  ], Mean: 59.82 
Number of samples in current task: 4062
# Number of samples in the AL cycle: 203
Step 1: Representation Learning
Run: 4, Task: 2, AL cycle: 1 / 7
Acc_vector: [64.05 27.39 36.39  0.    0.  ], Mean: 42.61 
Run: 4, Task: 2, AL cycle: 2 / 7
Step 2: Clustering for Diversity
Step 3: Querying Typical Examples
Acc_vector: [65.45 29.99 34.46  0.    0.  ], Mean: 43.300000000000004 
Run: 4, Task: 2, AL cycle: 3 / 7
Step 2: Clustering for Diversity
Step 3: Querying Typical Examples
Acc_vector: [66.25 31.25 31.81  0.    0.  ], Mean: 43.10333333333333 
Run: 4, Task: 2, AL cycle: 4 / 7
Step 2: Clustering for Diversity
Step 3: Querying Typical Examples
Acc_vector: [66.38 32.38 30.21  0.    0.  ], Mean: 42.99 
Run: 4, Task: 2, AL cycle: 5 / 7
Step 2: Clustering for Diversity
Step 3: Querying Typical Examples
Acc_vector: [67.04 33.18 28.15  0.    0.  ], Mean: 42.79 
Run: 4, Task: 2, AL cycle: 6 / 7
Step 2: Clustering for Diversity
Step 3: Querying Typical Examples
Acc_vector: [67.44 35.04 27.16  0.    0.  ], Mean: 43.21333333333333 
Run: 4, Task: 2, AL cycle: 7 / 7
Step 2: Clustering for Diversity
Step 3: Querying Typical Examples
Acc_vector: [67.97 36.04 26.29  0.    0.  ], Mean: 43.43333333333333 
Number of samples in current task: 4064
# Number of samples in the AL cycle: 203
Step 1: Representation Learning
Run: 4, Task: 3, AL cycle: 1 / 7
Acc_vector: [60.   46.81 10.69 37.57  0.  ], Mean: 38.7675 
Run: 4, Task: 3, AL cycle: 2 / 7
Step 2: Clustering for Diversity
Step 3: Querying Typical Examples
Acc_vector: [60.13 47.67 10.49 36.3   0.  ], Mean: 38.6475 
Run: 4, Task: 3, AL cycle: 3 / 7
Step 2: Clustering for Diversity
Step 3: Querying Typical Examples
Acc_vector: [60.   48.6  10.29 35.11  0.  ], Mean: 38.5 
Run: 4, Task: 3, AL cycle: 4 / 7
Step 2: Clustering for Diversity
Step 3: Querying Typical Examples
Acc_vector: [59.93 50.07 10.09 34.31  0.  ], Mean: 38.6 
Run: 4, Task: 3, AL cycle: 5 / 7
Step 2: Clustering for Diversity
Step 3: Querying Typical Examples
Acc_vector: [59.2  50.53  9.89 33.44  0.  ], Mean: 38.265 
Run: 4, Task: 3, AL cycle: 6 / 7
